source	target	label
C00022	C05125	R00014 - C00022 + C00068 <=> C05125 + C00011
C00022	C00024	R00209 - C00022 + C00010 + C00003 <=> C00024 + C00011 + C00004 + C00080
C00022	C00035	R00430 - C00044 + C00022 <=> C00035 + C00074
C00022	C00041	R12343 - C22091 + C00022 <=> C22087 + C00041
C00022	C00168	R00585 - C00065 + C00022 <=> C00168 + C00041
C00022	C00206	R01138 - C00131 + C00022 <=> C00206 + C00074
C00022	C16255	R01699 - C00022 + C15972 <=> C16255 + C00011
C00022	C00361	R01858 - C00286 + C00022 <=> C00361 + C00074
C00022	C00454	R02320 - C00201 + C00022 <=> C00454 + C00074
C00022	C06006	R08648 - C00022 + C00109 <=> C06006 + C00011
C00022	C00073	R10552 - C20688 + C00022 + C00019 <=> C20691 + C00073 + C05198 + C00011 + C00001
C00022	C00256	R11593 - C00022 + C01087 <=> C00256 + C00026
C05125	C16255	R03270 - C05125 + C15972 <=> C16255 + C00068
C18091	C00084	R00025 - C18091 + C00007 + C01847 <=> C00084 + C00088 + C00061 + C00001
C00084	C00033	R00711 - C00084 + C00006 + C00001 <=> C00033 + C00005 + C00080
C00084	C05125	R00755 - C00084 + C00068 <=> C05125
C00253	C00153	R00119 - C00006 + C00253 <=> C00153 + C13051
C00253	C01004	R01721 - C00019 + C00253 <=> C00021 + C01004
C00153	C00253	R01268 - C00153 + C00001 <=> C00253 + C00014
C00153	C02918	R01269 - C00019 + C00153 + C00080 <=> C00021 + C02918
C00012	C00148	R00135 - C00012 + C00001 <=> C00148 + C00012
C00148	C03912	R01253 - C00148 + C15602 <=> C03912 + C15603
C00148	C01157	R01252 - C00148 + C00026 + C00007 <=> C01157 + C00042 + C00011
C11038	C11039	R00139 - C11038 + C00002 <=> C11039 + C00008
C00018	C00250	R00173 - C00018 + C00001 <=> C00250 + C00009
C00019	C01137	R00178 - C00019 + C00080 <=> C01137 + C00011
C00019	C00021	R12011 - C00019 + C21844 <=> C00021 + C21845
C00019	C00073	R00650 - C00019 + C00155 <=> C00021 + C00073
C00019	C04425	R03231 - C00019 + C01092 <=> C04425 + C01037
C00019	C00170	R10455 - C00019 + C20663 <=> C00170 + C04441
C01137	C00170	R08359 - C01137 + C01672 <=> C00170 + C16565
C00021	C00212	R00192 - C00021 + C00001 <=> C00212 + C00155
C00212	C00147	R01561 - C00212 + C00009 <=> C00147 + C00620
C00212	C00294	R01560 - C00212 + C00001 <=> C00294 + C00014
C00186	C00022	R00196 - C00186 + 2 C00125 <=> C00022 + 2 C00126 + 2 C00080
C00186	C00033	R00319 - C00186 + C00007 <=> C00033 + C00011 + C00001
C00256	C00022	R00197 - C00256 + 2 C00125 <=> C00022 + 2 C00126 + 2 C00080
C00024	C00624	R00259 - C00024 + C00025 <=> C00010 + C00624
C00024	C01251	R00271 - C00024 + C00001 + C00026 <=> C01251 + C00010
C00024	C00083	R04386 - C00024 + C04419 <=> C00083 + C06250
C00024	C02843	R05190 - C00024 + n C00083 + 2n C00005 + 4n C00080 <=> C02843 + n C00010 + n C00011 + 2n C00006 + n C00001
C00149	C00022	R00216 - C00149 + C00006 <=> C00022 + C00011 + C00005 + C00080
C00149	C00036	R00342 - C00149 + C00003 <=> C00036 + C00004 + C00080
C00149	C00024	R00472 - C00149 + C00010 <=> C00024 + C00001 + C00048
C00149	C00122	R01082 - C00149 <=> C00122 + C00001
C00065	C00022	R00220 - C00065 <=> C00022 + C00014
C00065	C00168	R00588 - C00065 + C00048 <=> C00168 + C00037
C00065	C00041	R00585 - C00065 + C00022 <=> C00168 + C00041
C00065	C00037	R09099 - C00065 + C01217 <=> C04377 + C00037 + C00001
C00065	C00740	R00589 - C00065 <=> C00740
C00065	C02218	R00590 - C00065 <=> C02218 + C00001
C00065	C00078	R02722 - C00065 + C03506 <=> C00078 + C00118 + C00001
C00065	C00097	R00891 - C00065 + C00283 <=> C00097 + C00001
C00065	C02934	R01281 - C00154 + C00065 <=> C02934 + C00010 + C00011
C00065	C00542	R01289 - C00065 + C00155 <=> C00542 + C00001
C00065	C02291	R01290 - C00065 + C00155 <=> C02291 + C00001
C00065	C00055	R01800 - C00269 + C00065 <=> C00055 + C02737
C00065	C05699	R04942 - C00065 + C05698 <=> C05699 + C00001
C00065	C02737	R07376 - C00350 + C00065 <=> C02737 + C00189
C00065	C04377	R09099 - C00065 + C01217 <=> C04377 + C00037 + C00001
C00740	C00022	R00221 - C00740 <=> C00022 + C00014
C00025	C00026	R00243 - C00025 + C00003 + C00001 <=> C00026 + C00014 + C00004 + C00080
C00025	C00064	R08956 - C18054 + C00025 <=> C00251 + C00064
C00025	C00624	R02282 - C00437 + C00025 <=> C00077 + C00624
C00025	C00334	R00261 - C00025 <=> C00334 + C00011
C00025	C00077	R02282 - C00437 + C00025 <=> C00077 + C00624
C00025	C06112	R03905 - C02282 + C00025 + C00009 + C00008 <=> C06112 + C00064 + C00002 + C00001
C00025	C05711	R03970 - C02512 + C00025 <=> C05711 + C00001
C00025	C06114	R03971 - C05670 + C00025 <=> C06114 + C00001
C00025	C06113	R04212 - C03402 + C00025 + C00009 + C00008 <=> C06113 + C00064 + C00002 + C00001
C00025	C02987	R05578 - C01641 + C00025 + C00002 <=> C02987 + C00013 + C00020
C00025	C00073	R07396 - C01180 + C00025 <=> C00073 + C00026
C00026	C05381	R00621 - C00026 + C00068 <=> C05381 + C00011
C00026	C16254	R01700 - C00026 + C15972 <=> C16254 + C00011
C00026	C00091	R08549 - C00026 + C00010 + C00003 <=> C00091 + C00011 + C00004 + C00080
C01165	C00025	R13148 - C01165 + C00006 + C00001 <=> C00025 + C00005 + C00080
C01165	C03287	R03313 - C01165 + C00009 + C00006 <=> C03287 + C00005 + C00080
C00064	C00025	R12590 - C13952 + C00002 + C00064 + C00001 <=> C22245 + C00020 + C00025 + C00013
C00064	C00041	R00576 - C00064 + C00022 <=> C00940 + C00041
C00064	C00152	R00578 - C00002 + C00049 + C00064 + C00001 <=> C00020 + C00013 + C00152 + C00025
C00064	C00108	R00986 - C00251 + C00064 <=> C00108 + C00022 + C00025
C00064	C00022	R00986 - C00251 + C00064 <=> C00108 + C00022 + C00025
C00064	C00144	R01231 - C00002 + C00655 + C00064 + C00001 <=> C00020 + C00013 + C00144 + C00025
C00064	C00079	R01375 - C00064 + C00166 <=> C00940 + C00079
C00064	C04666	R04558 - C04916 + C00064 <=> C04666 + C04677 + C00025
C00064	C00018	R10089 - C00117 + C00118 + C00064 <=> C00018 + C00025 + 3 C00001 + C00009
C00064	C16619	R08244 - C16618 + C00002 + C00064 + C00001 <=> C16619 + C00020 + C00013 + C00025
C00064	C00073	R12507 - C00064 + C01180 <=> C00940 + C00073
C00041	C00022	R12622 - C00755 + C00041 <=> C16666 + C00022
C00041	C00025	R00258 - C00041 + C00026 <=> C00022 + C00025
C00041	C00037	R00369 - C00041 + C00048 <=> C00022 + C00037
C00041	C00049	R00400 - C00041 + C00036 <=> C00022 + C00049
C00041	C00099	R00907 - C00041 + C00222 <=> C00022 + C00099
C00041	C01092	R10124 - C19845 + C00041 <=> C01092 + C00229 + C00011
C00624	C00025	R13098 - C00624 <=> C00025
C00334	C00232	R01648 - C00334 + C00026 <=> C00232 + C00025
C00334	C00025	R01648 - C00334 + C00026 <=> C00232 + C00025
C00334	C02946	R01987 - C00334 + C00033 <=> C02946 + C00001
C00334	C01035	R01989 - C00062 + C00334 <=> C00077 + C01035
C00334	C00077	R01989 - C00062 + C00334 <=> C00077 + C01035
C00334	C00041	R10178 - C00334 + C00022 <=> C00232 + C00041
C00334	C00037	R10179 - C00334 + C00048 <=> C00232 + C00037
C00433	C00026	R00264 - C00433 + C00006 + C00001 <=> C00026 + C00005 + C00080
C00311	C00026	R00709 - C00311 + C00003 <=> C00026 + C00011 + C00004 + C00080
C00311	C00042	R00479 - C00311 <=> C00042 + C00048
C00311	C05379	R01899 - C00311 + C00006 <=> C05379 + C00005 + C00080
C00311	C00417	R01900 - C00311 <=> C00417 + C00001
C05379	C00026	R00268 - C05379 <=> C00026 + C00011
C00940	C00026	R00269 - C00940 + C00001 <=> C00026 + C00014
C01251	C04002	R03444 - C01251 <=> C04002 + C00001
C00647	C00018	R00277 - C00647 + C00001 + C00007 <=> C00018 + C00014 + C00027
C00028	C00030	R00282 - C00028 + C00005 + C00080 <=> C00030 + C00006
C00029	C00167	R00286 - C00029 + C00001 + 2 C00003 <=> C00167 + 2 C00004 + 2 C00080
C00029	C00103	R00955 - C00029 + C00446 <=> C00103 + C00052
C00029	C00052	R00955 - C00029 + C00446 <=> C00103 + C00052
C00167	C00190	R01384 - C00167 <=> C00190 + C00011
C00965	C00031	R00308 - C00965 + C00001 <=> C00031 + C00965
C02191	C00032	R00310 - C02191 + C14818 <=> C00032 + 2 C00080
C00032	C00500	R11579 - C00032 + 6 C00138 + 3 C00007 + 6 C00080 <=> C00500 + C14818 + C00237 + 6 C00139 + 3 C00001
C00227	C00033	R00317 - C00227 + C00001 <=> C00033 + C00009
C00035	C00144	R00328 - C00035 + C00001 <=> C00144 + C00009
C00144	C00387	R01227 - C00144 + C00001 <=> C00387 + C00009
C00144	C00242	R01229 - C00144 + C00013 <=> C00242 + C00119
C00201	C00454	R02320 - C00201 + C00022 <=> C00454 + C00074
C00044	C00035	R01135 - C00044 + C00130 + C00049 <=> C00035 + C00009 + C03794
C00044	C04895	R00424 - C00044 + C00001 <=> C04895 + C00058
C00044	C05922	R00428 - C00044 + C00001 <=> C05922
C00044	C00144	R10823 - C00044 + C00039(n) + C02128(m) <=> C00144 + C00013 + C00039(n+m)
C02362	C00036	R00348 - C02362 + C00001 <=> C00036 + C00014
C00158	C00024	R00351 - C00158 + C00010 <=> C00024 + C00001 + C00036
C00158	C00311	R01324 - C00158 <=> C00311
C00158	C00417	R01325 - C00158 <=> C00417 + C00001
C00049	C00036	R00355 - C00049 + C00026 <=> C00036 + C00025
C00049	C00025	R00578 - C00002 + C00049 + C00064 + C00001 <=> C00020 + C00013 + C00152 + C00025
C00049	C00041	R00397 - C00049 <=> C00041 + C00011
C00049	C00152	R00578 - C00002 + C00049 + C00064 + C00001 <=> C00020 + C00013 + C00152 + C00025
C00049	C00099	R00489 - C00049 <=> C00099 + C00011
C00049	C00122	R00490 - C00049 <=> C00122 + C00014
C00049	C00079	R00695 - C00049 + C00166 <=> C00036 + C00079
C00049	C00035	R01135 - C00044 + C00130 + C00049 <=> C00035 + C00009 + C03794
C00049	C02984	R05577 - C01638 + C00049 + C00002 <=> C02984 + C00013 + C00020
C00037	C00048	R00372 - C00037 + C00026 <=> C00048 + C00025
C00037	C00025	R00372 - C00037 + C00026 <=> C00048 + C00025
C00037	C00049	R00373 - C00037 + C00036 <=> C00048 + C00049
C00037	C00051	R00497 - C00002 + C00669 + C00037 <=> C00008 + C00009 + C00051
C00037	C00077	R00565 - C00062 + C00037 <=> C00077 + C00581
C00037	C00581	R00565 - C00062 + C00037 <=> C00077 + C00581
C00037	C00430	R00830 - C00091 + C00037 <=> C00430 + C00010 + C00011
C00037	C00101	R00945 - C00143 + C00037 + C00001 <=> C00101 + C00065
C00037	C00065	R00945 - C00143 + C00037 + C00001 <=> C00101 + C00065
C00037	C00143	R01221 - C00037 + C00101 + C00003 <=> C00143 + C00014 + C00011 + C00004 + C00080
C00037	C01242	R03425 - C00037 + C02051 <=> C01242 + C00011
C00037	C01921	R03718 - C01794 + C00037 <=> C00010 + C01921
C00037	C17323	R08701 - C17322 + C00037 + C03479 + C00030 <=> C17323 + C00101 + C00028 + C00001
C00037	C00719	R10062 - 3 C00019 + C00037 <=> 3 C00021 + C00719
C00037	C20784	R10685 - C00003 + C00037 + C02743 <=> C20784 + C00153 + C21861 + 3 C00001
C00037	C00153	R12026 - C00003 + C00037 + C00283 <=> C00153 + C20784 + 3 C00001
C04593	C00022	R00409 - C04593 <=> C00022 + C00042
C00091	C00042	R00410 - C00091 + C00164 <=> C00042 + C00332
C00091	C00430	R00830 - C00091 + C00037 <=> C00430 + C00010 + C00011
C00075	C00043	R00416 - C00075 + C04501 <=> C00013 + C00043
C00075	C00203	R10183 - C00075 + C18060 <=> C00013 + C00203
C00043	C00203	R00418 - C00043 <=> C00203
C04895	C04874	R04620 - C04895 + 3 C00001 <=> C04874 + 3 C00009
C04895	C06148	R04639 - C04895 + C00001 <=> C06148
C05922	C05923	R05046 - C05922 + C00001 <=> C05923 + C00058
C00047	C00041	R00453 - C00047 + C00022 <=> C04076 + C00041
C00047	C00025	R00457 - C00047 + C00026 <=> C04076 + C00025
C00047	C00077	R12506 - C00062 + C00047 <=> C00077 + C01924
C00160	C00048	R00717 - C00160 + C00003 <=> C00048 + C00004 + C00080
C01127	C00022	R00470 - C01127 <=> C00022 + C00048
C05946	C00022	R00471 - C05946 <=> C00022 + C00048
C00152	C00049	R00485 - C00152 + C00001 <=> C00049 + C00014
C00152	C02512	R01267 - C00152 <=> C02512 + C00001
C02512	C00049	R00486 - C02512 + 2 C00001 <=> C00049 + C00014
C02512	C05711	R03970 - C02512 + C00025 <=> C05711 + C00001
C00099	C00222	R00908 - C00099 + C00026 <=> C00222 + C00025
C00099	C00025	R00908 - C00099 + C00026 <=> C00222 + C00025
C00099	C00386	R01164 - C00002 + C00135 + C00099 <=> C00008 + C00009 + C00386
C00099	C00864	R10821 - C00002 + C00522 + C00099 <=> C00008 + C00009 + C00864
C00122	C00295	R01867 - C00337 + C00122 <=> C00295 + C00042
C00051	C01419	R01262 - C00051 + C00151 <=> C01419 + C03740
C00051	C00025	R00494 - C00051 + C00001 <=> C01419 + C00025
C00051	C00462	R03522 - C01322 + C00051 <=> C00462 + C02320
C00051	C00037	R03956 - C00051 + C02471 <=> C00037 + C02755
C00051	C14791	R07002 - C14786 + C00051 <=> C14791
C00051	C14793	R07003 - C14787 + C00051 <=> C14793
C00051	C14792	R07004 - C14787 + C00051 <=> C14792
C00051	C14803	R07023 - C14802 + C00051 <=> C14803
C00051	C14804	R07024 - C14802 + C00051 <=> C14804
C00051	C14805	R07025 - C14800 + C00051 <=> C14805
C00051	C14806	R07026 - C14800 + C00051 <=> C14806
C00051	C14847	R07069 - C14839 + C00051 <=> C14847
C00051	C14848	R07070 - C14840 + C00051 <=> C14848
C00051	C14855	R07083 - C14851 + C00051 <=> C14855
C00051	C14856	R07084 - C14852 + C00051 <=> C14856 + C00001
C00051	C14861	R07091 - C14858 + C00051 <=> C14861
C00051	C14865	R07092 - C14857 + C00051 <=> C14865 + C01327
C00051	C14864	R07093 - C14859 + C00051 <=> C14864 + C01327
C00051	C14863	R07094 - C14865 + C00051 <=> C14863 + C01327
C00051	C14868	R07100 - C06790 + C00051 <=> C14868 + C01327
C00051	C14874	R07113 - C11088 + C00051 + C00080 <=> C14874 + 2 C13645
C00051	C14871	R07116 - C14870 + C00051 <=> C14871 + C13645
C00051	C11583	R08280 - C07645 + C00051 <=> C11583 + C00001
C00051	C11278	R09409 - C19586 + C00051 <=> C11278
C00051	C02320	R11905 - C21758 + C00051 <=> C02320
C00051	C17267	R11929 - C00283 + C00051 + C15602 <=> C17267 + C15603
C01419	C00097	R00899 - C01419 + C00001 <=> C00097 + C00037
C01419	C00037	R00899 - C01419 + C00001 <=> C00097 + C00037
C00053	C00224	R00508 - C00053 + C00001 <=> C00224 + C00009
C00224	C00059	R01618 - C00224 + C00002 <=> C00059 + C01260
C00055	C00475	R00511 - C00055 + C00001 <=> C00475 + C00009
C00475	C00035	R00517 - C00044 + C00475 <=> C00035 + C00055
C00475	C00299	R01878 - C00475 + C00001 <=> C00299 + C00014
C00475	C00380	R02296 - C00475 + C00009 <=> C00380 + C00620
C00112	C00055	R00514 - C00112 + C00001 <=> C00055 + C00009
C00209	C00058	R00522 - C00209 <=> C00058 + C00011
C01031	C00058	R00527 - C01031 + C00001 <=> C00058 + C00051
C01031	C00051	R00527 - C01031 + C00001 <=> C00058 + C00051
C00061	C00255	R00548 - C00061 + C00001 <=> C00255 + C00009
C00062	C00077	R13429 - C00062 + C00183 <=> C22989 + C00077
C00062	C00327	R00552 - C00062 + C00001 <=> C00327 + C00014
C00062	C00581	R00565 - C00062 + C00037 <=> C00077 + C00581
C00062	C01035	R01989 - C00062 + C00334 <=> C00077 + C01035
C00062	C00041	R08197 - C00062 + C00022 <=> C03771 + C00041
C00062	C00025	R13305 - C00062 + C00026 <=> C03771 + C00025
C00077	C01165	R00667 - C00077 + C00026 <=> C01165 + C00025
C00077	C00025	R00668 - C00077 + C00026 <=> C04322 + C00025 + C00001
C00077	C00148	R00671 - C00077 <=> C00148 + C00014
C00077	C00327	R01398 - C00169 + C00077 <=> C00009 + C00327
C00327	C00077	R00665 - C00327 + C00001 <=> C00077 + C00011 + C00014
C00581	C00037	R00775 - C00581 + C00001 <=> C00037 + C00086
C00581	C00300	R01883 - C00019 + C00581 <=> C00021 + C00300
C00063	C00112	R03237 - C00063 + C01097 <=> C00112 + C03785
C00063	C00307	R01890 - C00063 + C00588 <=> C00013 + C00307
C00132	C00067	R00608 - C00132 + C00007 <=> C00067 + C00027
C05381	C16254	R03316 - C05381 + C15972 <=> C16254 + C00068
C00226	C00071	R00623 - C00226 + C00003 <=> C00071 + C00004 + C00080
C00071	C00162	R00631 - C00071 + C00003 + C00001 <=> C00162 + C00004 + C00080
C00073	C00037	R00652 - C00073 + C00048 <=> C01180 + C00037
C00073	C00078	R12055 - C00073 + C00331 <=> C01180 + C00078
C00631	C00074	R00658 - C00631 <=> C00074 + C00001
C00631	C00197	R01518 - C00631 <=> C00197
C00074	C04691	R01826 - C00074 + C00279 + C00001 <=> C04691 + C00009
C00078	C00022	R00673 - C00078 + C00001 <=> C00463 + C00022 + C00014
C00078	C02700	R00678 - C00078 + C00007 <=> C02700
C00078	C00331	R00684 - C00078 + C00026 <=> C00331 + C00025
C00078	C00025	R00684 - C00078 + C00026 <=> C00331 + C00025
C00078	C00398	R00685 - C00078 <=> C00398 + C00011
C00078	C00079	R01376 - C00078 + C00166 <=> C00331 + C00079
C00078	C00041	R10180 - C00078 + C00022 <=> C00331 + C00041
C02700	C05653	R03936 - C02700 + C00001 <=> C05653 + C00041
C02700	C00041	R03936 - C02700 + C00001 <=> C05653 + C00041
C00398	C00637	R02173 - C00398 + C00001 + C00007 <=> C00637 + C00014 + C00027
C00826	C00079	R00691 - C00826 <=> C00079 + C00001 + C00011
C00079	C00041	R00692 - C00079 + C00022 <=> C00166 + C00041
C00079	C03519	R00693 - C00024 + C00079 <=> C00010 + C03519
C00079	C00166	R00694 - C00079 + C00026 <=> C00166 + C00025
C00079	C00025	R00694 - C00079 + C00026 <=> C00166 + C00025
C00079	C00423	R00697 - C00079 <=> C00423 + C00014
C00079	C05332	R00699 - C00079 <=> C05332 + C00011
C00079	C00082	R12540 - C00079 + C05650 + C00007 <=> C00082 + C22239
C00166	C02763	R01378 - C00166 <=> C02763
C00423	C00811	R02253 - C00423 + C03024 + C00007 <=> C00811 + C03161 + C00001
C00423	C01772	R02254 - C00423 + C00007 + C00005 + C00080 <=> C01772 + C00006 + C00001
C05332	C00601	R02613 - C05332 + C00007 + C00001 <=> C00601 + C00014 + C00027
C00222	C00024	R00706 - C00222 + C00010 + C00006 <=> C00024 + C00011 + C00005 + C00080
C03912	C00025	R00708 - C03912 + C00006 + 2 C00001 <=> C00025 + C00005 + C00080
C00232	C00042	R00714 - C00232 + C00006 + C00001 <=> C00042 + C00005 + C00080
C00449	C00047	R00716 - C00449 + C00006 + C00001 <=> C00047 + C00026 + C00005 + C00080
C00449	C00025	R02315 - C00449 + C00006 + C00001 <=> C00025 + C04076 + C00005 + C00080
C00081	C00104	R03239 - C00081 + C01097 <=> C00104 + C03785
C00081	C00130	R00720 - C00081 + C00001 <=> C00130 + C00013
C00104	C00130	R00961 - C00104 + C00001 <=> C00130 + C00009
C00130	C00294	R01126 - C00130 + C00001 <=> C00294 + C00009
C00130	C04734	R01127 - C00130 + C00001 <=> C04734
C00130	C00655	R01130 - C00130 + C00003 + C00001 <=> C00655 + C00004 + C00080
C00082	C00022	R00728 - C00082 + C00001 <=> C00146 + C00022 + C00014
C00082	C01179	R00734 - C00082 + C00026 <=> C01179 + C00025
C00082	C00025	R00734 - C00082 + C00026 <=> C01179 + C00025
C00082	C00483	R00736 - C00082 <=> C00483 + C00011
C00082	C00811	R00737 - C00082 <=> C00811 + C00014
C00082	C00041	R09254 - C00082 + C00022 <=> C01179 + C00041
C00082	C00073	R12161 - C04732 + C00082 + C00019 <=> C21971 + C15809 + C00073 + C05198
C01179	C05350	R03342 - C01179 <=> C05350
C00483	C03765	R02382 - C00483 + C00001 + C00007 <=> C03765 + C00014 + C00027
C00811	C01197	R07826 - C00811 <=> C01197
C00469	C00084	R00754 - C00469 + C00003 <=> C00084 + C00004 + C00080
C00188	C00037	R00751 - C00188 <=> C00037 + C00084
C00188	C00109	R00996 - C00188 <=> C00109 + C00014
C00188	C20641	R10463 - C00188 + C00002 + C00288 + C00080 <=> C20641 + C00013 + C00001
C00644	C00085	R00758 - C00644 + C00003 <=> C00085 + C00004 + C00080
C00644	C05345	R02703 - C00644 + C00003 <=> C05345 + C00004 + C00080
C00085	C00279	R01067 - C00085 + C00118 <=> C00279 + C00231
C00354	C00085	R00762 - C00354 + C00001 <=> C00085 + C00009
C00354	C00111	R01068 - C00354 <=> C00111 + C00118
C00665	C00085	R00763 - C00665 + C00001 <=> C00085 + C00009
C00092	C00085	R00771 - C00092 <=> C00085
C00092	C01236	R00835 - C00092 + C00006 <=> C01236 + C00005 + C00080
C00092	C04006	R07324 - C00092 <=> C04006
C00275	C00085	R00772 - C00275 <=> C00085
C00275	C00636	R01818 - C00275 <=> C00636
C00275	C05345	R01819 - C00275 <=> C05345
C00086	C01566	R00778 - C00086 <=> C01566 + C00001
C00086	C00288	R13420 - C00086 + 2 C00001 <=> C00288 + 2 C00014
C00097	C00283	R00782 - C00097 + C00001 <=> C00283 + C00022 + C00014
C00097	C00022	R00782 - C00097 + C00001 <=> C00283 + C00022 + C00014
C00097	C00957	R00896 - C00097 + C00026 <=> C00957 + C00302
C00097	C00041	R11528 - C00097 + C02743 <=> C00041 + C21440
C00283	C00094	R00858 - C00283 + 3 C00006 + 3 C00001 <=> C00094 + 3 C00005 + 3 C00080
C00283	C17267	R11929 - C00283 + C00051 + C15602 <=> C17267 + C15603
C00014	C00088	R00789 - C00014 + 3 C00006 + 2 C00001 <=> C00088 + 3 C00005 + 3 C00080
C00014	C01563	R10949 - C00014 + C20969 <=> C01563 + C00009
C00088	C00244	R00796 - C00088 + C00006 + C00001 <=> C00244 + C00005 + C00080
C00089	C00095	R00801 - C00089 + C00001 <=> C00095 + C00031
C00089	C02336	R00802 - C00089 + C00001 <=> C02336 + C00267
C00089	C01742	R00810 - C00089 <=> C01742
C00089	C00492	R02411 - C01235 + C00089 <=> C00137 + C00492
C00146	C00090	R00815 - C00146 + C00007 + C00005 + C00080 <=> C00090 + C00006 + C00001
C00430	C00041	R02271 - C00430 + C00022 <=> C02800 + C00041
C01236	C00345	R02035 - C01236 + C00001 <=> C00345
C00093	C00116	R00841 - C00093 + C00001 <=> C00116 + C00009
C00093	C00111	R00848 - C00093 + C00016 <=> C00111 + C01352
C00093	C00681	R00851 - C00093 + C00040 <=> C00681 + C00010
C00116	C00184	R01039 - C00116 + C00006 <=> C00184 + C00005 + C00080
C00116	C00577	R01041 - C00116 + C00006 <=> C00577 + C00005 + C00080
C00096	C01222	R00888 - C00096 <=> C01222 + C00001
C00096	C00035	R01009 - C00096 + C00110 <=> C00035 + C03862
C00957	C00283	R03105 - C00957 + C00342 <=> C00283 + C00022 + C00343
C00957	C00022	R03105 - C00957 + C00342 <=> C00283 + C00022 + C00343
C00979	C00097	R04859 - C00979 + C00320 + C00342 + C00080 <=> C00097 + C00094 + C00343 + C00033
C00979	C05688	R03601 - C00979 + C01528 <=> C05688 + C00033
C05665	C00099	R00904 - C05665 + C00003 + C00001 <=> C00099 + C00004 + C00080
C02642	C00099	R00905 - C02642 + C00001 <=> C00099 + C00011 + C00014
C00349	C00100	R00922 - C00349 + C00010 + C00003 <=> C00100 + C00011 + C00004 + C00080
C00100	C00894	R12356 - C00100 + C00007 <=> C00894 + C00027
C02225	C00100	R00931 - C02225 + C00010 <=> C00100 + C00036 + C00001
C02225	C04225	R04424 - C02225 <=> C04225 + C00001
C06002	C00100	R00935 - C06002 + C00010 + C00003 <=> C00100 + C00011 + C00004 + C00080
C06002	C02170	R03869 - C06002 + C00003 + C00001 <=> C02170 + C00004 + C00080
C00143	C00101	R01226 - C00143 + C00141 + C00001 <=> C00101 + C00966
C00143	C00065	R00945 - C00143 + C00037 + C00001 <=> C00101 + C00065
C00143	C00445	R01220 - C00143 + C00006 <=> C00445 + C00005
C00103	C00668	R00959 - C00103 <=> C00668
C00103	C00092	R08639 - C00103 <=> C00092
C00668	C01172	R02739 - C00668 <=> C01172
C00668	C05345	R02740 - C00668 <=> C05345
C00668	C00085	R13199 - C00668 <=> C00085
C00105	C00299	R00963 - C00105 + C00001 <=> C00299 + C00009
C00105	C00106	R00966 - C00105 + C00013 <=> C00106 + C00119
C00299	C00035	R00968 - C00044 + C00299 <=> C00035 + C00105
C00299	C00106	R01876 - C00299 + C00009 <=> C00106 + C00620
C01103	C00105	R00965 - C01103 <=> C00105 + C00011
C01103	C00295	R01870 - C01103 + C00013 <=> C00295 + C00119
C00106	C01168	R01055 - C00106 + C00117 <=> C01168 + C00001
C00380	C00106	R00974 - C00380 + C00001 <=> C00106 + C00014
C00251	C00108	R00986 - C00251 + C00064 <=> C00108 + C00022 + C00025
C00251	C00022	R00986 - C00251 + C00064 <=> C00108 + C00022 + C00025
C00251	C00025	R00986 - C00251 + C00064 <=> C00108 + C00022 + C00025
C00251	C00254	R01715 - C00251 <=> C00254
C00328	C00108	R00987 - C00328 + C00001 <=> C00108 + C00041
C00328	C00041	R00987 - C00328 + C00001 <=> C00108 + C00041
C00328	C01252	R01956 - C00328 + C00026 <=> C01252 + C00025
C00328	C00025	R01956 - C00328 + C00026 <=> C01252 + C00025
C00328	C03227	R01960 - C00328 + C00007 + C00005 + C00080 <=> C03227 + C00006 + C00001
C00109	C06032	R00994 - C00109 + C00011 + C00004 + C00080 <=> C06032 + C00003
C00109	C06006	R04673 - C00109 + C05125 <=> C06006 + C00068
C00109	C21017	R10996 - C00109 + C00068 <=> C21017 + C00011
C01118	C00109	R00999 - C01118 + C00001 <=> C00109 + C00042 + C00014
C01118	C00155	R01288 - C01118 + C00283 <=> C00155 + C00042
C01118	C02291	R03260 - C01118 + C00097 <=> C02291 + C00042
C01118	C05699	R04946 - C01118 + C05688 <=> C05699 + C00042
C02291	C00097	R01001 - C02291 + C00001 <=> C00097 + C00014 + C00109
C00118	C00111	R01015 - C00118 <=> C00111
C00118	C00236	R01061 - C00118 + C00009 + C00003 <=> C00236 + C00004 + C00080
C00118	C00018	R07456 - C00118 + C00199 + C00064 <=> C00018 + C00025 + C00009 + 3 C00001
C00118	C00025	R07456 - C00118 + C00199 + C00064 <=> C00018 + C00025 + C00009 + 3 C00001
C00670	C00114	R01030 - C00670 + C00001 <=> C00114 + C00093
C00577	C00258	R01752 - C00577 + C00003 + C00001 <=> C00258 + C00004 + C00080
C01168	C02067	R11180 - C01168 + C00001 <=> C02067 + C00009
C00117	C00199	R01056 - C00117 <=> C00199
C00117	C00018	R10089 - C00117 + C00118 + C00064 <=> C00018 + C00025 + 3 C00001 + C00009
C00117	C00025	R10089 - C00117 + C00118 + C00064 <=> C00018 + C00025 + 3 C00001 + C00009
C00199	C00231	R01529 - C00199 <=> C00231
C00199	C15556	R07281 - C00199 <=> C15556 + C00058
C00620	C00117	R01057 - C00620 <=> C00117
C00236	C00197	R01515 - C00236 + C00001 <=> C00197 + C00009
C05378	C00111	R01070 - C05378 <=> C00111 + C00118
C05378	C05345	R04780 - C05378 + C00001 <=> C05345 + C00009
C03090	C00064	R01072 - C03090 + C00013 + C00025 <=> C00064 + C00119 + C00001
C04302	C00108	R01073 - C04302 + C00013 <=> C00108 + C00119
C04302	C01302	R03509 - C04302 <=> C01302
C01909	C00120	R01078 - C01909 + C17023 + 2 C00019 + 2 C05359 + 2 C00080 <=> C00120 + 2 C00073 + 2 C05198
C03794	C00122	R01083 - C03794 <=> C00122 + C00020
C03406	C00122	R01086 - C03406 <=> C00122 + C00062
C03406	C00062	R01086 - C03406 <=> C00122 + C00062
C01384	C00122	R01087 - C01384 <=> C00122
C01384	C01596	R03540 - C01384 + C00014 <=> C01596 + C00001
C00123	C02710	R01089 - C00024 + C00123 <=> C00010 + C02710
C00123	C00233	R01090 - C00123 + C00026 <=> C00233 + C00025
C00123	C00025	R01090 - C00123 + C00026 <=> C00233 + C00025
C00233	C02939	R01651 - C00233 + C00010 + C00003 <=> C02939 + C00011 + C00004 + C00080
C00233	C15975	R01702 - C00233 + C15972 <=> C15975 + C00011
C00233	C15974	R07601 - C00233 + C00068 <=> C15974 + C00011
C05402	C00124	R01101 - C05402 + C00001 <=> C00124 + C00031
C00124	C00984	R10619 - C00124 <=> C00984
C00492	C00124	R01103 - C00492 + C00001 <=> C00124 + C00089
C00492	C00089	R01103 - C00492 + C00001 <=> C00124 + C00089
C00492	C05402	R02410 - C00492 + C00001 <=> C05402 + C00095
C05401	C00124	R01104 - C05401 + C00001 <=> C00124 + C00116
C00129	C00235	R01123 - C00129 <=> C00235
C00235	C21214	R12896 - C00235 + C00001 <=> C21214 + C00009
C00294	C00262	R01863 - C00294 + C00009 <=> C00262 + C00620
C00655	C01762	R02719 - C00655 + C00001 <=> C01762 + C00009
C00131	C00206	R01138 - C00131 + C00022 <=> C00206 + C00074
C00206	C00342	R02017 - C00206 + C00343 + C00001 <=> C00342 + C00008
C00860	C00135	R01158 - C00860 + 2 C00003 + C00001 <=> C00135 + 2 C00004 + 2 C00080
C00860	C01929	R03012 - C00860 + C00003 <=> C01929 + C00004 + C00080
C00135	C00025	R01161 - C00135 + C00026 <=> C03277 + C00025
C00135	C00386	R01164 - C00002 + C00135 + C00099 <=> C00008 + C00009 + C00386
C00135	C00388	R01167 - C00135 <=> C00388 + C00011
C00135	C05575	R01169 - C00135 + 3 C00019 + C00080 <=> C05575 + 3 C00021
C01929	C00135	R01163 - C01929 + C00001 + C00003 <=> C00135 + C00004 + C00080
C00386	C00099	R01166 - C00386 + C00001 <=> C00099 + C00135
C00386	C00135	R01166 - C00386 + C00001 <=> C00099 + C00135
C00386	C00021	R02144 - C00019 + C00386 <=> C00021 + C01262
C05575	C20994	R11014 - C05575 + C00097 + C00007 <=> C20994 + C00001
C01177	C00137	R01185 - C01177 + C00001 <=> C00137 + C00009
C03546	C00137	R01186 - C03546 + C00001 <=> C00137 + C00009
C04006	C00137	R01187 - C04006 + C00001 <=> C00137 + C00009
C01235	C00137	R01194 - C01235 + C00001 <=> C00137 + C00124
C00461	C00140	R01206 - C00461 + C00001 <=> C00140 + C00461
C00461	C00734	R02333 - C00461 + n C00001 <=> C00734 + n C00033
C00461	C01674	R02334 - C00461 + C00001 <=> C01674 + C00461
C04039	C00141	R01209 - C04039 <=> C00141 + C00001
C00141	C00630	R01210 - C00141 + C00010 + C00003 <=> C00630 + C00011 + C00004 + C00080
C00141	C15977	R01701 - C00141 + C15972 <=> C15977 + C00011
C00141	C15976	R07599 - C00141 + C00068 <=> C15976 + C00011
C00630	C03460	R02661 - C00630 + C00028 <=> C03460 + C00030
C02504	C00024	R01213 - C02504 + C00010 <=> C00024 + C00141 + C00001
C02504	C02631	R03968 - C02504 <=> C02631 + C00001
C00183	C00141	R01214 - C00183 + C00026 <=> C00141 + C00025
C00183	C00025	R01214 - C00183 + C00026 <=> C00141 + C00025
C00183	C00041	R01215 - C00183 + C00022 <=> C00141 + C00041
C00183	C00407	R02200 - C00183 + C00671 <=> C00141 + C00407
C00183	C00077	R13429 - C00062 + C00183 <=> C22989 + C00077
C00445	C00234	R01655 - C00445 + C00001 <=> C00234 + C00080
C00440	C00143	R01224 - C00440 + C00006 <=> C00143 + C00005 + C00080
C00387	C00144	R01228 - C00002 + C00387 <=> C00008 + C00144
C00387	C00242	R02147 - C00387 + C00009 <=> C00242 + C00620
C00387	C01762	R02145 - C00387 + C00001 <=> C01762 + C00014
C00242	C00385	R01676 - C00242 + C00001 <=> C00385 + C00014
C00942	C00144	R01234 - C00942 + C00001 <=> C00144
C00147	C00262	R01244 - C00147 + C00001 <=> C00262 + C00014
C00262	C00385	R01769 - C00262 + C00007 + C00001 <=> C00385 + C00027
C01157	C04281	R03293 - C01157 + C00006 <=> C04281 + C00005 + C00080
C00455	C00153	R01271 - C00455 + C00013 <=> C00153 + C00119
C00455	C03150	R02323 - C00455 + C00001 <=> C03150 + C00009
C00154	C05272	R01279 - C00154 + C00016 <=> C05272 + C01352
C00154	C02934	R01281 - C00154 + C00065 <=> C02934 + C00010 + C00011
C00154	C21072	R12173 - C00154 + 2 C00999 + C00007 + 2 C00080 <=> C21072 + 2 C00996 + 2 C00001
C00542	C01118	R02508 - C00542 + C00042 <=> C01118 + C00097
C00180	C00156	R01295 - C00180 + C03024 + C00007 <=> C00156 + C03161 + C00001
C00156	C00230	R01298 - C00156 + C00007 + C00005 + C00080 <=> C00230 + C00006 + C00001
C00156	C00811	R01308 - C00156 + C00033 + C00004 + C00080 <=> C00811 + 2 C00001 + C00003
C00157	C00416	R01310 - C00157 + C00001 <=> C00416 + C00114
C00157	C04230	R07859 - C00157 + C00001 <=> C04230 + C06427
C00416	C00681	R02241 - C00416 + C00010 <=> C00681 + C00040
C04230	C00670	R02746 - C04230 + C00001 <=> C00670 + C00162
C05400	C00159	R01329 - C05400 + C00001 <=> C00159 + C00124
C01885	C00116	R01351 - C01885 + C00001 <=> C00116 + C00162
C02112	C00116	R01352 - C02112 + C00001 <=> C00116 + C00162
C00356	C00024	R01978 - C00356 + C00010 <=> C00024 + C00001 + C00332
C00356	C03231	R02085 - C00356 <=> C03231 + C00001
C00254	C00166	R01373 - C00254 <=> C00166 + C00001 + C00011
C00254	C01179	R01730 - C00254 + C00006 <=> C01179 + C00011 + C00005 + C00080
C00258	C00168	R01392 - C00258 + C00006 <=> C00168 + C00005 + C00080
C00169	C00327	R01398 - C00169 + C00077 <=> C00009 + C00327
C00170	C00147	R01402 - C00170 + C00009 <=> C00147 + C04188
C00173	C00693	R01404 - C00173 + C00006 <=> C00693 + C00005 + C00080
C00173	C00681	R09380 - C00173 + C00093 <=> C00681 + C00229
C00173	C00229	R09381 - C00173 + C00681 <=> C00229 + C00416
C02376	C00178	R01411 - C02376 + C00001 <=> C00178 + C00014
C06206	C00180	R01421 - C06206 + C00001 <=> C00180 + C00009
C00379	C00181	R09477 - C00379 + C00003 <=> C00181 + C00004 + C00080
C00379	C00310	R01896 - C00379 + C00003 <=> C00310 + C00004 + C00080
C00181	C02352	R01433 - C00181 + C02352 <=> C02352 + C00001
C01102	C00188	R01466 - C01102 + C00001 <=> C00188 + C00009
C01233	C00189	R01470 - C01233 + C00001 <=> C00189 + C00093
C00800	C00191	R01481 - C00800 + C00006 <=> C00191 + C00005 + C00080
C02670	C00191	R01483 - C02670 + C00001 <=> C00191
C02670	C00818	R02957 - C02670 + C00003 + 2 C00001 <=> C00818 + C00004 + C00080
C00195	C00162	R01494 - C00195 + C00001 <=> C00162 + C00319
C01190	C00031	R01498 - C01190 + C00001 <=> C00031 + C00195
C00587	C00196	R01508 - C00587 + C00030 + C00007 <=> C00196 + C00028 + C00001
C00587	C00230	R01628 - C00587 + C00007 + C00005 + C00080 <=> C00230 + C00006 + C00001
C00587	C00628	R02589 - C00587 + C00007 + C00004 + C00080 <=> C00628 + C00003 + C00001
C00197	C03232	R01513 - C00197 + C00003 <=> C03232 + C00004 + C00080
C00345	C00199	R10221 - C00345 + C00003 <=> C00199 + C00011 + C00004 + C00080
C00204	C04349	R01542 - C00204 + C00003 <=> C04349 + C00004 + C00080
C00364	C00214	R01569 - C00364 + C00001 <=> C00214 + C00009
C00214	C00178	R02806 - C00214 + C00701 <=> C02269 + C00178
C00214	C00212	R01571 - C00020 + C00214 <=> C00212 + C00364
C00216	C00652	R01574 - C00216 + C00003 <=> C00652 + C00004 + C00080
C00267	C00221	R01602 - C00267 <=> C00221
C02637	C00230	R01627 - C02637 <=> C00230 + C00001
C02637	C22438	R12885 - C02637 + C00006 <=> C22438 + C00005 + C00080
C05382	C00117	R01641 - C05382 + C00118 <=> C00117 + C00231
C05382	C00279	R08575 - C05382 + C00118 <=> C00279 + C00085
C02939	C03069	R04095 - C02939 + C00016 <=> C03069 + C01352
C00234	C00101	R04560 - C00234 + C04677 <=> C00101 + C04734
C00239	C00881	R01664 - C00239 + C00001 <=> C00881 + C00009
C00881	C00526	R02485 - C00881 + C00001 <=> C00526 + C00014
C00385	C00366	R10920 - C00385 + C00026 + C00007 <=> C00366 + C00042 + C00011
C00506	C00245	R01682 - C00506 <=> C00245 + C00011
C00506	C05528	R02433 - C00506 + C00026 <=> C05528 + C00025
C00506	C00025	R02433 - C00506 + C00026 <=> C05528 + C00025
C03193	C00012	R04935 - C03193 + C05689 <=> C00012 + C05695
C00579	C00248	R01698 - C00579 + C00003 <=> C00248 + C00004 + C00080
C00314	C00250	R01711 - C00314 + C00007 <=> C00250 + C00027
C00314	C00627	R01911 - C00314 + C00009 <=> C00627 + C00001
C00534	C00250	R01710 - C00534 + C00001 + C00007 <=> C00250 + C00014 + C00027
C00534	C00041	R01712 - C00534 + C00022 <=> C00250 + C00041
C00534	C00049	R01713 - C00534 + C00036 <=> C00250 + C00049
C00534	C00647	R02494 - C00534 + C00009 <=> C00647 + C00001
C01269	C00251	R01714 - C01269 <=> C00251 + C00009
C01185	C00253	R01724 - C01185 + C00013 + C00008 + C00009 <=> C00253 + C00119 + C00002 + C00001 + C00080
C01185	C05841	R03347 - C01185 + C00008 <=> C05841 + C00002
C01185	C03722	R03348 - C01185 + C00013 + C00011 <=> C03722 + C00119
C03451	C00051	R02530 - C03451 <=> C00051 + C00546
C00257	C00345	R01737 - C00002 + C00257 <=> C00008 + C00345
C00898	C00258	R01751 - C00898 <=> C00258 + C00011
C00532	C00259	R01758 - C00532 + C00003 <=> C00259 + C00004 + C00080
C00263	C00441	R01775 - C00263 + C00006 <=> C00441 + C00005 + C00080
C00369	C00031	R01790 - C00369 + C00001 <=> C00031 + C00369
C00369	C00721	R02112 - C00369 <=> C00721 + C00208
C00369	C00718	R02111 - C00369 + C00009 <=> C00718 + C00103
C00721	C00031	R01791 - C00721 + C00001 <=> C00031 + C00721
C00269	C00055	R01802 - C00269 + C00137 <=> C00055 + C01194
C00270	C00022	R01811 - C00270 <=> C00645 + C00022
C05345	C00279	R01830 - C05345 + C00118 <=> C00279 + C00231
C04691	C00944	R03083 - C04691 <=> C00944 + C00009
C00447	C00111	R01829 - C00447 <=> C00111 + C00279
C00286	C00361	R01858 - C00286 + C00022 <=> C00361 + C00074
C00361	C00035	R02019 - C00361 + C00343 + C00001 <=> C00035 + C00342
C00337	C00295	R01868 - C00337 + C15602 <=> C00295 + C15603
C00337	C00438	R01993 - C00337 + C00001 <=> C00438
C00526	C00299	R01879 - C00526 + C00026 + C00007 <=> C00299 + C00042 + C00011
C00526	C00106	R02486 - C00526 + C00026 + C00007 <=> C02674 + C00106 + C00042 + C00011
C00791	C00300	R01884 - C00791 + C00001 <=> C00300
C00791	C02565	R02922 - C00791 + C00001 <=> C02565 + C00014
C00315	C00986	R01914 - C00315 + C00007 + C00001 <=> C00986 + C00555 + C00027
C00315	C23055	R13517 - C00315 + C01092 <=> C23055 + C01037
C00986	C05665	R03139 - C00986 + C00007 + C00001 <=> C05665 + C00014 + C00027
C00319	C06124	R01926 - C00319 + C00002 <=> C06124 + C00008
C06124	C00346	R06516 - C06124 <=> C00346 + C06123
C00320	C00094	R01931 - C00320 + C00177 <=> C00094 + C01755
C00322	C00527	R01933 - C00322 + C00010 + C00003 <=> C00527 + C00011 + C00004 + C00080
C00322	C06157	R01940 - C00322 + C15972 <=> C06157 + C00011
C00322	C22667	R13166 - C00322 + C00068 <=> C22667 + C00011
C00527	C00877	R02488 - C00527 + C04253 <=> C00877 + C04570 + C00011
C00527	C02411	R10074 - C00527 + C04253 <=> C02411 + C04570
C05662	C00322	R01934 - C05662 + C00003 <=> C00322 + C00011 + C00004 + C00080
C05662	C04002	R04371 - C05662 <=> C04002 + C00001
C05662	C05533	R04862 - C05662 + C00003 <=> C05533 + C00004 + C00080
C05533	C00322	R01936 - C05533 <=> C00322 + C00011
C00956	C00322	R01939 - C00956 + C00026 <=> C00322 + C00025
C00956	C00025	R01939 - C00956 + C00026 <=> C00322 + C00025
C00956	C05560	R03098 - C00956 + C00002 <=> C05560 + C00013
C03227	C00632	R02668 - C03227 + C00001 <=> C00632 + C00041
C03227	C00041	R02668 - C03227 + C00001 <=> C00632 + C00041
C03227	C05645	R04171 - C03227 + C00026 <=> C05645 + C00025
C03227	C00025	R04171 - C03227 + C00026 <=> C05645 + C00025
C00362	C00330	R01968 - C00362 + C00001 <=> C00330 + C00009
C00330	C00242	R01969 - C00330 + C00009 <=> C00242 + C00672
C01144	C00332	R01976 - C01144 + C00006 <=> C00332 + C00005 + C00080
C01144	C00877	R03026 - C01144 <=> C00877 + C00001
C00555	C00334	R02549 - C00555 + C00003 + C00001 <=> C00334 + C00004 + C00080
C01035	C00334	R01990 - C01035 + C00001 <=> C00334 + C00086
C00342	C00343	R02021 - C00342 + C00053 <=> C00343 + C00094 + C00054
C01346	C00342	R02018 - C01346 + C00343 + C00001 <=> C00342 + C00015
C00705	C00342	R02024 - C00705 + C00343 + C00001 <=> C00342 + C00112
C01077	C00155	R02026 - C01077 + C00320 + C00342 + C00080 <=> C00155 + C00094 + C00343 + C00033
C01077	C02291	R03217 - C01077 + C00097 <=> C02291 + C00033
C01077	C05699	R04945 - C01077 + C05688 <=> C05699 + C00033
C00344	C05980	R02030 - C00344 + C00269 <=> C05980 + C00055
C05980	C18129	R09038 - C05980 + C00001 <=> C18129 + C00162
C00350	C00189	R02051 - C00350 + C00001 <=> C00189 + C00416
C00350	C04438	R04480 - C00350 + C00010 <=> C04438 + C00040
C00350	C00641	R08107 - C00350 + G00149 <=> C00641 + G13044
C00350	C02737	R07376 - C00350 + C00065 <=> C02737 + C00189
C04438	C00162	R03416 - C04438 + C00001 <=> C00162 + C01233
C02737	C00350	R02055 - C02737 <=> C00350 + C00011
C00570	C00055	R06364 - C00570 + C03201 <=> C00055 + C04475
C00357	C00352	R02059 - C00357 + C00001 <=> C00352 + C00033
C00357	C04501	R08193 - C00357 <=> C04501
C00355	C03758	R02080 - C00355 <=> C03758 + C00011
C03758	C04043	R04300 - C03758 + C00001 + C00007 <=> C04043 + C00014 + C00027
C00418	C00356	R02082 - C00418 + C00010 + 2 C00006 <=> C00356 + 2 C00005 + 2 C00080
C00360	C00559	R02088 - C00360 + C00001 <=> C00559 + C00009
C00559	C05512	R02556 - C00559 + C00001 <=> C05512 + C00014
C00559	C00147	R02557 - C00559 + C00009 <=> C00147 + C00672
C00363	C00364	R02092 - C00363 + C00001 <=> C00364 + C00009
C00459	C00363	R02095 - C00459 + C00001 <=> C00363 + C00009
C00460	C00365	R02100 - C00460 + C00001 <=> C00365 + C00013
C00365	C00415	R02101 - C00365 + C00143 <=> C00415 + C00364
C00365	C00526	R02102 - C00365 + C00001 <=> C00526 + C00009
C00366	C11821	R02106 - C00366 + C00007 + C00001 <=> C11821 + C00027
C11821	C12248	R06601 - C11821 + C00001 <=> C12248
C00718	C00369	R02110 - C00718 <=> C00369
C00473	C00376	R02124 - C00473 + C00003 <=> C00376 + C00004 + C00080
C00378	C01279	R02133 - C00378 + C00001 <=> C01279 + C04294 + C00080
C01081	C00378	R02135 - C01081 + C00001 <=> C00378 + C00009
C01762	C00385	R02297 - C01762 + C00009 <=> C00385 + C00620
C15602	C15603	R02164 - C15602 + C00042 <=> C15603 + C00122
C15602	C00122	R02164 - C15602 + C00042 <=> C15603 + C00122
C00637	C00954	R02678 - C00637 + C00003 + C00001 <=> C00954 + C00004 + C00080
C00407	C00671	R02199 - C00407 + C00026 <=> C00671 + C00025
C00407	C00025	R02199 - C00407 + C00026 <=> C00671 + C00025
C00671	C15980	R03171 - C00671 + C00010 + C00003 <=> C15980 + C00011 + C00004 + C00080
C00671	C15979	R04225 - C00671 + C15972 <=> C15979 + C00011
C00671	C15978	R07603 - C00671 + C00068 <=> C15978 + C00011
C03681	C00410	R02208 - C03681 + C00006 <=> C00410 + C00005 + C00080
C00412	C00510	R02222 - C00412 + 2 C00999 + C00007 + 2 C00080 <=> C00510 + 2 C00996 + 2 C00001
C00510	C02050	R11043 - C00510 + 2 C00999 + C00007 + 2 C00080 <=> C02050 + 2 C00996 + 2 C00001
C00422	C00641	R02250 - C00422 + C00001 <=> C00641 + C00162
C00641	C01885	R02687 - C00641 + C00001 <=> C01885 + C00162
C00641	C18168	R09072 - C00641 + C00019 <=> C18168 + C00170
C00641	C00170	R09072 - C00641 + C00019 <=> C18168 + C00170
C00431	C00025	R02274 - C00431 + C00026 <=> C03273 + C00025
C00437	C00077	R02282 - C00437 + C00025 <=> C00077 + C00624
C00437	C00624	R02282 - C00437 + C00025 <=> C00077 + C00624
C00437	C01250	R02283 - C00437 + C00026 <=> C01250 + C00025
C00437	C00025	R02283 - C00437 + C00026 <=> C01250 + C00025
C01250	C04133	R03443 - C01250 + C00009 + C00006 <=> C04133 + C00005 + C00080
C03150	C00153	R02294 - C03150 + C00009 <=> C00153 + C00620
C05841	C00253	R02295 - C05841 + C00009 <=> C00253 + C00620 + C00080
C03479	C00445	R02300 - C03479 <=> C00445 + C00001
C00951	C00468	R02353 - C00951 + C00006 <=> C00468 + C00005 + C00080
C05822	C00475	R02370 - C05822 + C00001 <=> C00475 + C00009
C03765	C00642	R02697 - C03765 + C00006 + C00001 <=> C00642 + C00005 + C00080
C03273	C00489	R02401 - C03273 + C00003 + C00001 <=> C00489 + C00004 + C00080
C00491	C00022	R02408 - C00491 + C00001 <=> C00022 + C00014 + C01962
C00493	C02637	R02413 - C00493 + C00006 <=> C02637 + C00005 + C00080
C00499	C00603	R02422 - C00499 + C00001 <=> C00603 + C00086
C02350	C00499	R02425 - C02350 + C00001 <=> C00499
C00515	C01110	R02457 - C00515 + C00001 + C00007 <=> C01110 + C00014 + C00027
C00792	C00515	R02458 - C00792 + C00001 <=> C00515 + C00086
C00792	C03771	R02923 - C00792 + C00001 + C00007 <=> C03771 + C00014 + C00027
C01120	C00346	R02464 - C01120 <=> C00346 + C00517
C01120	C00836	R06520 - C01120 + C00001 <=> C00836 + C00009
C00606	C00519	R02466 - C00606 <=> C00519 + C00011
C00606	C05527	R02619 - C00606 + C00026 <=> C05527 + C00025
C00606	C00025	R02619 - C00606 + C00026 <=> C05527 + C00025
C00864	C00099	R02474 - C00864 + C00001 <=> C00522 + C00099
C00877	C05116	R05595 - C00877 + C00001 <=> C05116
C03917	C00535	R02497 - C03917 + C00006 <=> C00535 + C00005 + C00080
C00544	C01036	R02519 - C00544 + C00007 <=> C01036
C00937	C00546	R02527 - C00937 + C00003 <=> C00546 + C00004 + C00080
C01888	C00546	R02529 - C01888 + C00001 + C00007 <=> C00546 + C00014 + C00027
C00601	C07086	R02537 - C00601 + C00006 + C00001 <=> C07086 + C00005 + C00080
C02505	C07086	R02540 - C02505 + C00001 <=> C07086 + C00014
C05512	C00262	R02748 - C05512 + C00009 <=> C00262 + C00672
C00844	C00561	R02558 - C00844 + C00001 <=> C00561 + C00031
C00844	C08325	R02985 - C00844 + C00031 <=> C08325 + C00001
C00576	C00719	R02566 - C00576 + C00006 + C00001 <=> C00719 + C00005 + 2 C00080
C00719	C00073	R02821 - C00719 + C00155 <=> C01026 + C00073
C01094	C00111	R02568 - C01094 <=> C00111 + C00577
C03460	C06000	R04224 - C03460 + C00001 <=> C06000
C00632	C04409	R02665 - C00632 + C00007 <=> C04409
C00640	C00658	R02685 - C00640 <=> C00658 + C00001
C00658	C02843	R09449 - C00658 + C00005 + C00080 <=> C02843 + C00006
C00643	C05646	R02700 - C00643 + C00026 <=> C05646 + C00025
C00643	C00025	R02700 - C00643 + C00026 <=> C05646 + C00025
C00643	C00780	R02701 - C00643 <=> C00780 + C00011
C00643	C05648	R02702 - C00643 + C00007 <=> C05648
C00780	C05647	R02909 - C00780 + C00007 <=> C05647
C00700	C00655	R02720 - C00700 + C00001 <=> C00655 + C00013
C01172	C01236	R10907 - C01172 + C00003 <=> C01236 + C00004 + C00080
C01172	C05345	R03321 - C01172 <=> C05345
C04233	C00670	R02747 - C04233 + C00001 <=> C00670 + C00162
C01271	C00685	R02767 - C01271 + C00006 <=> C00685 + C00005 + C00080
C00689	C01083	R02778 - C00689 + C00001 <=> C01083 + C00009
C00715	C03212	R02815 - C00715 + C00001 <=> C03212 + C00014
C00810	C00741	R02855 - C00810 + C00003 <=> C00741 + C00004 + C00080
C00748	C14818	R02864 - C00748 + 2 C00080 <=> C14818 + C05778
C00751	C01054	R02874 - C00751 + C00007 + C03024 <=> C01054 + C03161 + C00001
C01054	C01724	R03199 - C01054 <=> C01724
C00763	C03564	R02894 - C00763 + C00007 <=> C03564 + C00027
C05399	C00794	R02926 - C05399 + C00001 <=> C00794 + C00124
C05985	C00804	R02940 - C05985 + C00003 + C00001 <=> C00804 + C00004 + C00080
C03044	C00810	R02946 - C03044 + C00003 <=> C00810 + C00004 + C00080
C01197	C01494	R03366 - C00019 + C01197 <=> C00021 + C01494
C00828	C05819	R02964 - C00828 + C00080 + C00004 <=> C05819 + C00003
C00836	C02934	R02978 - C00836 + C00006 <=> C02934 + C00005 + C00080
C00836	C12144	R06525 - C00836 + 2 C00999 + C00007 + 2 C00080 <=> C12144 + 2 C00996 + C00001
C01100	C00860	R03013 - C01100 + C00001 <=> C00860 + C00009
C01100	C01267	R03243 - C01100 + C00026 <=> C01267 + C00025
C01100	C00025	R03243 - C01100 + C00026 <=> C01267 + C00025
C03360	C00870	R03024 - C03360 + C00001 <=> C00870 + C00009
C00880	C01216	R03033 - C00880 <=> C01216 + C00001
C05668	C00894	R03045 - C05668 <=> C00894 + C00001
C00900	C05125	R03050 - C00900 + C00068 <=> C05125 + C00022
C00900	C00022	R03050 - C00900 + C00068 <=> C05125 + C00022
C00900	C04039	R03051 - C00900 + C00005 + C00080 <=> C04039 + C00006
C01933	C00025	R03053 - C01933 + C00026 <=> C00902 + C00025
C00909	C02165	R03057 - C00909 + C00001 <=> C02165
C01300	C00921	R03066 - C01300 + C00568 <=> C00921 + C00001
C00944	C02637	R03084 - C00944 <=> C02637 + C00001
C02693	C00954	R03096 - C02693 + C00001 <=> C00954 + C00014
C05560	C05535	R04863 - C05560 + C11482 <=> C05535 + C00020
C04076	C00956	R11679 - C04076 + C00006 + C00020 + C00013 <=> C00956 + C00005 + C00080 + C00002
C01013	C05668	R03158 - C01013 + C00010 <=> C05668 + C00001
C01013	C00222	R09289 - C01013 + C00006 <=> C00222 + C00005 + C00080
C01024	C01051	R03165 - C01024 <=> C01051 + C00001
C01051	C03263	R03197 - C01051 <=> C03263 + 4 C00011
C15980	C03345	R03172 - C15980 + C00028 <=> C03345 + C00030
C03078	C01035	R03180 - C03078 + C00001 <=> C01035 + C00014
C01040	C03289	R03184 - C01040 + C00007 <=> C03289 + C00027
C01040	C00072	R10053 - C01040 + C00007 <=> C00072 + C00027
C03263	C01079	R03220 - C03263 + C00007 <=> C01079 + 2 C00011 + 2 C00001
C03263	C05770	R04178 - C03263 + 3 C00007 <=> C05770 + 3 C00027
C01724	C11455	R12323 - C01724 + 6 C00138 + 6 C00080 + 3 C00007 <=> C11455 + C00058 + 6 C00139 + 4 C00001
C01063	C01092	R03210 - C01063 + C00041 <=> C01092 + C00010 + C00011
C01079	C02191	R03222 - C01079 + 3 C00007 <=> C02191 + 3 C00027
C01097	C03785	R03236 - C01097 + C00002 <=> C03785 + C00008
C04352	C01134	R03269 - C04352 <=> C01134 + C00011
C01149	C01181	R03283 - C01149 + C00003 + C00001 <=> C01181 + C00004 + C00080
C04281	C05947	R04445 - C04281 + C00006 + 2 C00001 <=> C05947 + C00005 + C00080
C04043	C01161	R03302 - C04043 + C00006 + C00001 <=> C01161 + C00005 + C00080
C01194	C01177	R03332 - C01194 + C00001 <=> C01177 + C00641
C04494	C01228	R03409 - C04494 + C00001 <=> C01228 + C00009
C05973	C00162	R03417 - C05973 + C00001 <=> C00162 + C01233
C01242	C02972	R04125 - C01242 + C00101 <=> C02972 + C00143 + C00014
C04637	C01245	R03435 - C04637 + C00001 <=> C01245 + C00641
C04637	C01277	R04404 - C04637 + C00001 <=> C01277 + C00009
C04666	C01267	R03457 - C04666 <=> C01267 + C00001
C06135	C01290	R03492 - C06135 + C00001 <=> C01290 + C01132
C06135	C01132	R03492 - C06135 + C00001 <=> C01290 + C01132
C01132	C03272	R04184 - C04737 + C01132 <=> C03272 + C00001
C04874	C00266	R03504 - C04874 <=> C00266 + C01300
C01302	C03506	R03508 - C01302 <=> C03506 + C00011 + C00001
C01322	C00462	R03522 - C01322 + C00051 <=> C00462 + C02320
C00963	C00031	R03527 - C00963 + C00001 <=> C00031 + C01335
C01345	C06196	R03531 - C01345 + C00001 <=> C06196 + C00013
C06196	C05512	R12958 - C06196 + C00001 <=> C05512 + C00009
C02630	C00026	R03534 - C02630 + C00016 <=> C00026 + C01352
C01467	C02923	R03566 - C01467 + C00007 + C00005 + C00080 <=> C02923 + C00006 + C00001
C01528	C05684	R03596 - C01528 + 3 C00006 + 3 C00001 <=> C05684 + 3 C00005 + 5 C00080
C04737	C00124	R03618 - C04737 + C00001 <=> C00124 + C01290
C04737	C03272	R04184 - C04737 + C01132 <=> C03272 + C00001
C01598	C05642	R03628 - C01598 + C00007 <=> C05642
C01598	C05643	R03629 - C01598 + C03024 + C00007 <=> C05643 + C03161 + C00001
C01613	C00492	R03634 - C01613 + C00001 <=> C00492 + C00124
C01613	C05404	R03635 - C01613 + C00001 <=> C05404 + C00095
C05404	C00124	R05549 - C05404 + C00001 <=> C00124 + C05402
C05404	C05402	R05549 - C05404 + C00001 <=> C00124 + C05402
C01628	C05850	R03643 - C01628 + C00004 + C00080 <=> C05850 + C00003
C01720	C03827	R03688 - C01720 <=> C03827 + C00001
C01921	C00695	R05835 - C01921 + C00001 <=> C00695 + C00037
C01921	C00037	R05835 - C01921 + C00001 <=> C00695 + C00037
C01944	C05276	R03777 - C01944 + C00016 <=> C05276 + C01352
C01977	C01978	R03789 - C01977 + C01449 <=> C01978 + C00242
C01977	C00242	R03789 - C01977 + C01449 <=> C01978 + C00242
C02972	C02051	R03815 - C02972 + C00003 <=> C02051 + C00004 + C00080
C02059	C03313	R03816 - C02059 + C00004 + C00080 <=> C03313 + C00003
C01832	C03221	R03857 - C01832 + C00016 <=> C03221 + C01352
C02163	C01636	R03862 - C02163 + C00017 <=> C01636 + C16739
C02166	C05951	R09875 - C02166 + C00001 <=> C05951 + C00025
C02166	C00025	R09875 - C02166 + C00001 <=> C05951 + C00025
C02188	C05544	R03875 - C02188 + C00019 <=> C05544 + C00021
C04431	C02222	R03893 - C04431 + C00001 <=> C02222
C02282	C06112	R03905 - C02282 + C00025 + C00009 + C00008 <=> C06112 + C00064 + C00002 + C00001
C02282	C00064	R03905 - C02282 + C00025 + C00009 + C00008 <=> C06112 + C00064 + C00002 + C00001
C03620	C00060	R03909 - C03620 + C00001 <=> C00060 + C00014
C02320	C05729	R03916 - C02320 + C00001 <=> C05729 + C00025
C02320	C00025	R03916 - C02320 + C00001 <=> C05729 + C00025
C05729	C05726	R04951 - C05729 + C00001 <=> C05726 + C00037
C05729	C00037	R04951 - C05729 + C00001 <=> C05726 + C00037
C16688	C00095	R03921 - C16688 + C00001 <=> C00095 + C00092
C02430	C00101	R03940 - C02430 + C00234 <=> C00101 + C03294
C02431	C02991	R03942 - C02431 + C00003 <=> C02991 + C00004 + C00080
C02463	C05778	R03947 - C02463 + C00003 <=> C05778 + C00004 + C00080
C05670	C06114	R03971 - C05670 + C00025 <=> C06114 + C00001
C02593	C05273	R03990 - C02593 + C00016 <=> C05273 + C01352
C04411	C02631	R04001 - C04411 <=> C02631 + C00001
C04411	C04236	R04426 - C04411 + C00003 <=> C04236 + C00004 + C00080
C04411	C00233	R10052 - C04411 + C00003 <=> C00233 + C00011 + C00004 + C00080
C04411	C02504	R10170 - C04411 <=> C02504
C06126	C02686	R04019 - C06126 + C00001 <=> C02686 + C00124
C02723	C06178	R04027 - C02723 + C00007 + C00080 <=> C06178 + C00027 + C00014
C02739	C02741	R04035 - C02739 + C00001 <=> C02741 + C00013
C02741	C04896	R04037 - C02741 + C00001 <=> C04896
C04896	C04916	R04640 - C04896 <=> C04916
C05130	C02835	R04065 - C05130 + C00003 + C00001 <=> C02835 + C00004 + C00080
C03862	C00110	R11399 - C03862 + C19803 <=> C00110 + C20722
C03024	C05102	R04121 - C03024 + C00162 + C00007 <=> C05102 + C03161 + C00001
C05998	C03069	R04137 - C05998 <=> C03069 + C00001
C05262	C03221	R04170 - C05262 <=> C03221 + C00001
C01005	C03232	R04173 - C01005 + C00026 <=> C03232 + C00025
C01005	C00025	R04173 - C01005 + C00026 <=> C03232 + C00025
C01005	C00097	R07274 - C01005 + C00283 <=> C00097 + C00009
C04405	C03345	R04204 - C04405 <=> C03345 + C00001
C04751	C03373	R04209 - C04751 <=> C03373 + C00011
C03402	C06113	R04212 - C03402 + C00025 + C00009 + C00008 <=> C06113 + C00064 + C00002 + C00001
C03402	C00064	R04212 - C03402 + C00025 + C00009 + C00008 <=> C06113 + C00064 + C00002 + C00001
C04213	C00621	R04216 - C04213 + C03021 <=> C00621 + C11572
C03440	C04282	R04221 - C03440 + C00007 <=> C04282 + C00027
C03838	C04376	R04326 - C03838 + C00445 + C00001 <=> C04376 + C00101
C04696	C03998	R04368 - C04696 + C00001 <=> C03998 + C16669
C04677	C04051	R04378 - C04677 + C00013 <=> C04051 + C00119
C00083	C05223	R11671 - C00083 + C00024 <=> C05223
C05535	C04076	R04390 - C05535 + C00005 + C00080 <=> C04076 + C11482 + C00006
C01277	C01220	R10952 - C01277 + C00001 <=> C01220 + C00641
C01277	C01194	R11680 - C01277 + C00001 <=> C01194 + C00009
C04188	C04582	R04420 - C04188 <=> C04582
C04618	C04246	R04428 - C04618 <=> C04246 + C00001
C04618	C05744	R04533 - C04618 + C00006 <=> C05744 + C00005 + C00080
C05745	C04246	R04430 - C05745 + C00006 <=> C04246 + C00005 + C00080
C04272	C06010	R04439 - C04272 + C00006 <=> C06010 + C00005 + C00080
C04272	C04181	R04440 - C04272 + C00006 <=> C04181 + C00005 + C00080
C04272	C00141	R04441 - C04272 <=> C00141 + C00001
C06010	C05125	R04672 - C06010 + C00068 <=> C05125 + C00022
C06010	C00022	R04672 - C06010 + C00068 <=> C05125 + C00022
C06010	C04181	R05071 - C06010 <=> C04181
C05947	C05938	R05051 - C05947 + C00004 + C00080 <=> C05938 + C00003 + C00001
C05947	C05946	R05052 - C05947 + C00026 <=> C05946 + C00025
C05947	C00025	R05052 - C05947 + C00026 <=> C05946 + C00025
C04598	C04317	R04452 - C04598 + C00001 <=> C04317 + C00033
C04732	C04332	R04457 - C04732 + C15556 <=> C04332 + 2 C00001 + C00009
C06037	C03692	R04470 - C06037 + C00001 <=> C03692 + C00124
C05445	C04554	R04506 - C05445 + C00003 + C00001 <=> C04554 + C00004 + C00080
C04619	C05753	R04534 - C04619 + C00006 <=> C05753 + C00005
C04619	C05754	R04535 - C04619 <=> C05754 + C00001
C04620	C05750	R04536 - C04620 + C00006 <=> C05750 + C00005 + C00080
C04620	C05751	R04537 - C04620 <=> C05751 + C00001
C04633	C05762	R04543 - C04633 + C00006 <=> C05762 + C00005 + C00080
C04633	C05763	R04544 - C04633 <=> C05763 + C00001
C04916	C04666	R04558 - C04916 + C00064 <=> C04666 + C04677 + C00025
C04916	C00025	R04558 - C04916 + C00064 <=> C04666 + C04677 + C00025
C04823	C00122	R04559 - C04823 <=> C00122 + C04677
C04688	C05759	R04566 - C04688 + C00006 <=> C05759 + C00005 + C00080
C04688	C05760	R04568 - C04688 <=> C05760 + C00001
C04884	C04730	R04586 - C04884 + C00001 <=> C04730 + C01132
C04884	C01132	R04586 - C04884 + C00001 <=> C04730 + C01132
C06006	C14463	R05069 - C06006 <=> C14463
C05141	C05300	R04682 - C05141 + C00006 <=> C05300 + C00005 + C00080
C05223	C05758	R04725 - C05223 + C00006 <=> C05758 + C00005 + C00080
C05258	C05272	R04738 - C05258 <=> C05272 + C00001
C05260	C05273	R04740 - C05260 <=> C05273 + C00001
C05264	C05275	R04744 - C05264 <=> C05275 + C00001
C05266	C05276	R04746 - C05266 <=> C05276 + C00001
C05268	C05271	R04749 - C05268 <=> C05271 + C00001
C05271	C05270	R06985 - C05271 + C00005 + C00080 <=> C05270 + C00006
C05270	C05271	R04751 - C05270 + C00016 <=> C05271 + C01352
C05274	C05275	R04754 - C05274 + C00016 <=> C05275 + C01352
C05280	C05279	R04756 - C05280 <=> C05279
C05335	C05703	R04770 - C05335 + C00001 <=> C05703 + C00014 + C00109
C05576	C05577	R04880 - C05576 + C00003 <=> C05577 + C00004 + C00080
C05577	C05580	R04883 - C05577 + C00006 + C00001 <=> C05580 + C00005 + C00080
C05581	C05582	R04889 - C05581 + C00006 + C00001 <=> C05582 + C00005 + C00080
C05583	C05584	R04892 - C05583 + C00006 + C00001 <=> C05584 + C00005 + C00080
C05634	C05635	R04903 - C05634 + C00003 + C00001 <=> C05635 + C00080 + C00004
C05638	C05651	R04909 - C05638 + C00011 <=> C05651
C05673	C00055	R04920 - C05673 + C00641 <=> C00055 + C05675
C05699	C05688	R04930 - C05699 + C00001 <=> C05688 + C00014 + C00109
C05702	C05699	R04944 - C05702 + C05688 <=> C05699 + C00009
C05713	C05712	R04949 - C05713 + C00001 <=> C05712 + C00031
C05747	C05746	R04953 - C05747 + C00006 <=> C05746 + C00005 + C00080
C05747	C05748	R04954 - C05747 <=> C05748 + C00001
C05749	C05748	R04956 - C05749 + C00006 <=> C05748 + C00005 + C00080
C05752	C05751	R04959 - C05752 + C00006 <=> C05751 + C00005 + C00080
C05752	C22159	R12428 - C05752 + C22157 <=> C22159 + C00229
C05755	C05754	R04962 - C05755 + C00006 <=> C05754 + C00005 + C00080
C05757	C05756	R04964 - C05757 + C00006 <=> C05756 + C00005 + C00080
C05757	C05758	R04965 - C05757 <=> C05758 + C00001
C05761	C05760	R04967 - C05761 + C00006 <=> C05760 + C00005 + C00080
C05764	C05763	R04970 - C05764 + C00006 <=> C05763 + C00005 + C00080
C05764	C00154	R10700 - C05764 + C00010 <=> C00154 + C00229
C05766	C05768	R04972 - C05766 <=> C05768 + 4 C00011
C05827	C05828	R04996 - C05827 + C00003 + C00001 <=> C05828 + C00004 + C00080
C05839	C05838	R04998 - C05839 + C00001 <=> C05838 + C00031
C05923	C06148	R05048 - C05923 <=> C06148
C05936	C02946	R05050 - C05936 + C00003 + C00001 <=> C02946 + C00004 + C00080
C06001	C06002	R05066 - C06001 + C00003 <=> C06002 + C00004 + C00080
C06007	C14463	R05068 - C06007 + C00006 <=> C14463 + C00005 + C00080
C06007	C00671	R05070 - C06007 <=> C00671 + C00001
C06055	C06054	R05085 - C06055 + C00026 <=> C06054 + C00025
C06055	C00025	R05085 - C06055 + C00026 <=> C06054 + C00025
C06055	C06056	R05086 - C06055 + C00001 <=> C06056 + C00009
C01204	C01284	R05202 - C01204 + C00008 <=> C01284 + C00002
C06103	C06102	R05231 - C06103 + C00006 <=> C06102 + C00005 + C00080
C06611	C06613	R05233 - C06611 + C00003 <=> C06613 + C00004 + C00080
C06613	C06614	R05237 - C06613 + C00001 <=> C06614 + 2 C00080
C06612	C16348	R05234 - C06612 + C00003 <=> C16348 + C00004 + C00080
C16348	C06615	R05238 - C16348 + C00001 <=> C06615 + 2 C00080
C06604	C06606	R05259 - C06604 + C03024 + C00007 <=> C06606 + C03161 + C00087 + C00001
C06672	C00230	R10136 - C06672 + C00101 <=> C00230 + C00440
C06754	C06755	R05286 - C06754 + C00003 + C00001 <=> C06755 + C00004 + C00080
C06755	C00160	R05287 - C06755 + C00001 <=> C00160 + C01327
C00865	C06254	R05333 - C00865 + C00641 <=> C06254 + C00422
C07090	C07091	R05510 - C07090 + C00001 <=> C07091
C04706	C06329	R05511 - C04706 + C00001 <=> C06329
C00511	C01659	R05551 - C00511 + C00014 <=> C01659 + C00001
C05116	C00332	R05576 - C05116 + C00006 <=> C00332 + C00005 + C00080
C01638	C02984	R05577 - C01638 + C00049 + C00002 <=> C02984 + C00013 + C00020
C01641	C02987	R05578 - C01641 + C00025 + C00002 <=> C02987 + C00013 + C00020
C09815	C00180	R05590 - C09815 + C00001 <=> C00180 + C00014
C05108	C11455	R05639 - C05108 + C00006 <=> C11455 + C00005 + C00080
C05108	C15808	R07509 - C05108 + 6 C00999 + 3 C00007 + 6 C00080 <=> C15808 + 6 C00996 + 4 C00001
C01694	C05440	R05641 - C01694 + C00006 <=> C05440 + C00005 + C00080
C00325	C01222	R05692 - C00325 + C00006 <=> C01222 + C00005 + C00080
C01943	C11508	R05731 - C01943 + 3 C03024 + 3 C00007 <=> C11508 + C00058 + 3 C03161 + 4 C00001
C11508	C15776	R07483 - C11508 + C00005 + C00080 <=> C15776 + C00006
C06548	C01380	R05842 - C06548 + C00001 <=> C01380
C03021	C00621	R05976 - C03021 + G00008 <=> C00621 + G00009
C00218	C00067	R06154 - C00218 + C00007 + C00001 <=> C00067 + C00014 + C00027
C05519	C00037	R06171 - C05519 <=> C00037 + C00084
C05519	C03508	R10851 - C05519 + C00006 <=> C03508 + C00005 + C00080
C05519	C01888	R10852 - C05519 + C00006 <=> C01888 + C00011 + C00005 + C00080
C06090	C11872	R06291 - C06090 + C03024 + C00007 <=> C11872 + C03161 + C00001
C06090	C11874	R10066 - C06090 + 3 C03024 + 3 C00007 <=> C11874 + 3 C03161 + 4 C00001
C11872	C11873	R06292 - C11872 + C03024 + C00007 <=> C11873 + C03161 + 2 C00001
C11873	C11874	R06293 - C11873 + C03024 + C00007 <=> C11874 + C03161 + C00001
C02576	C11924	R06366 - C02576 + C00001 + C00003 <=> C11924 + C00004 + C00080
C12126	C00162	R06518 - C12126 + C00001 <=> C00162 + C00836
C12126	C00836	R06518 - C12126 + C00001 <=> C00162 + C00836
C12126	C00195	R06519 - C12126 + 2 C00999 + C00007 + 2 C00080 <=> C00195 + 2 C00996 + 2 C00001
C12126	C12145	R06526 - C12126 + 2 C00999 + C00007 + 2 C00080 <=> C12145 + 2 C00996 + C00001
C12145	C00162	R06528 - C12145 + C00001 <=> C00162 + C12144
C12214	C12215	R06590 - C12214 + C00117 <=> C12215 + C05382
C01672	C12455	R06740 - C01672 + C00001 + C00007 <=> C12455 + C00014 + C00027
C12834	C12835	R06835 - C12834 + C00001 <=> C12835
C12838	C02222	R06838 - C12838 + C00001 <=> C02222
C13425	C05200	R06865 - C13425 + C00007 <=> C05200 + C00001
C05313	C05802	R06866 - C05313 <=> C05802 + C00011
C14089	C14090	R06917 - C14089 + C00003 <=> C14090 + C00004 + C00080
C02909	C14099	R06927 - C02909 + C00003 <=> C14099 + C00004 + C00080
C14145	C02232	R06941 - C14145 + C00003 <=> C02232 + C00004 + C00080
C14144	C14145	R06942 - C14144 + C00001 <=> C14145
C14180	C01031	R06983 - C14180 + C00003 <=> C01031 + C00004 + C00080
C14786	C14791	R07002 - C14786 + C00051 <=> C14791
C14787	C14793	R07003 - C14787 + C00051 <=> C14793
C14787	C14792	R07004 - C14787 + C00051 <=> C14792
C14802	C14803	R07023 - C14802 + C00051 <=> C14803
C14802	C14804	R07024 - C14802 + C00051 <=> C14804
C14800	C14805	R07025 - C14800 + C00051 <=> C14805
C14800	C14806	R07026 - C14800 + C00051 <=> C14806
C01595	C14831	R07061 - C01595 + C00007 <=> C14831
C01595	C19937	R09811 - C01595 + C00007 <=> C19937
C14831	C20186	R09905 - C14831 <=> C20186
C14839	C14847	R07069 - C14839 + C00051 <=> C14847
C14840	C14848	R07070 - C14840 + C00051 <=> C14848
C14851	C14855	R07083 - C14851 + C00051 <=> C14855
C14852	C14856	R07084 - C14852 + C00051 <=> C14856 + C00001
C14858	C14861	R07091 - C14858 + C00051 <=> C14861
C14857	C14865	R07092 - C14857 + C00051 <=> C14865 + C01327
C14865	C14863	R07094 - C14865 + C00051 <=> C14863 + C01327
C14859	C14864	R07093 - C14859 + C00051 <=> C14864 + C01327
C06790	C14868	R07100 - C06790 + C00051 <=> C14868 + C01327
C06899	C11150	R07104 - C06899 + C00003 <=> C11150 + C00004 + C00080
C06899	C07490	R07105 - C06899 + C00004 + C00080 <=> C07490 + C00003 + C00001
C14771	C14775	R07108 - C14771 + C00001 <=> C14775
C14770	C14774	R07109 - C14770 + C00001 <=> C14774
C14769	C14773	R07110 - C14769 + C00001 <=> C14773
C14768	C14772	R07111 - C14768 + C00001 <=> C14772
C11088	C14874	R07113 - C11088 + C00051 + C00080 <=> C14874 + 2 C13645
C14870	C14871	R07116 - C14870 + C00051 <=> C14871 + C13645
C01904	C00309	R07144 - C01904 + C00006 <=> C00309 + C00005 + C00080
C01904	C00310	R07143 - C01904 + C00006 <=> C00310 + C00005 + C00080
C11537	C05528	R07136 - C11537 + C00003 <=> C05528 + C00004 + C00080
C00040	C00658	R07162 - C00040 + C00006 <=> C00658 + C00005 + C00080
C01189	C01164	R07215 - C01189 + 2 C00999 + C00007 + 2 C00080 <=> C01164 + 2 C00996 + 2 C00001
C15606	C08276	R07363 - C15606 + C00007 <=> C08276 + C00058 + C00237
C15606	C01180	R07364 - C15606 + C00007 <=> C01180 + C00058
C04756	C04635	R07379 - C04756 + C00001 <=> C04635 + C00060
C04756	C03454	R07384 - C04756 + C00055 <=> C03454 + C00570
C04756	C15647	R07385 - C04756 + C00001 <=> C15647 + C00189
C05212	C04317	R07387 - C05212 + C00001 <=> C04317 + C00060
C00916	C04712	R07400 - C00916 + C00001 + C00007 <=> C04712 + C00014 + C00027
C15672	C15670	R07412 - C15672 + C00001 + 2 C00028 <=> C15670 + 2 C00030
C15810	C15813	R07459 - C15810 + C00002 <=> C15813 + C00013
C15811	C15812	R07460 - C15811 + C00097 <=> C15812 + C00041
C15811	C00041	R07460 - C15811 + C00097 <=> C15812 + C00041
C15812	C15811	R11529 - C15812 + C02743 <=> C15811 + C21440
C01902	C08830	R07481 - C01902 + C00019 <=> C08830 + C00021
C15782	C15783	R07486 - C15782 + 2 C00999 + C00007 + 2 C00080 <=> C15783 + 2 C00996 + 2 C00001
C15777	C15780	R07491 - C15777 + 2 C00999 + C00007 + 2 C00080 <=> C15780 + 2 C00996 + 2 C00001
C15780	C05440	R07506 - C15780 + C00005 + C00080 + C00007 <=> C05440 + C00006 + 2 C00001
C15808	C15816	R07494 - C15808 + C00006 <=> C15816 + C00005 + C00080 + C00011
C04525	C15777	R07497 - C04525 <=> C15777
C15976	C15977	R07600 - C15976 + C15972 <=> C15977 + C00068
C15974	C15975	R07602 - C15974 + C15972 <=> C15975 + C00068
C15978	C15979	R07604 - C15978 + C15972 <=> C15979 + C00068
C15973	C15972	R07618 - C15973 + C00003 <=> C15972 + C00004 + C00080
C15930	C00333	R10565 - C15930 + C00003 <=> C00333 + C00004 + C00080
C00805	C00628	R07710 - C00805 + C00005 + C00007 + C00080 <=> C00628 + C00006 + C00001
C16216	C16217	R07759 - C16216 + C00005 + C00080 <=> C16217 + C00006
C16217	C16218	R07760 - C16217 <=> C16218 + C00001
C16218	C00412	R07761 - C16218 + C00005 + C00080 <=> C00412 + C00006
C16219	C16220	R07763 - C16219 + C00005 + C00080 <=> C16220 + C00006
C16236	C16832	R07767 - C16236 + C22154 + 2 C00019 + 2 C22150 + 8 C00080 <=> C16832 + C22155 + 2 C00283 + 4 C14818 + 2 C00073 + 2 C05198 + 2 C22151
C16238	C16237	R07771 - C16238 + C16240 <=> C16237 + C00020
C16327	C16328	R07888 - C16327 + C00016 <=> C16328 + C01352
C16331	C16332	R07892 - C16331 + C00016 <=> C16332 + C01352
C16335	C16336	R07896 - C16335 + C00016 <=> C16336 + C01352
C16168	C16374	R07934 - C16168 + C00007 <=> C16374 + C00027
C16172	C16387	R07950 - C16172 + C00007 <=> C16387 + C00027
C16361	C16362	R07981 - C16361 + C00007 + 2 C00001 <=> C16362 + C00011 + C00027
C04675	C16466	R08090 - C04675 <=> C16466 + C00033
C16477	C02222	R08120 - C16477 + C00001 <=> C02222 + C16487
C16476	C02222	R08121 - C16476 + C00001 <=> C02222 + C16487
C03461	C16502	R08146 - C03461 + C00003 + C00001 <=> C16502 + C00004 + C00080
C16635	C12739	R08221 - C16635 + C00001 <=> C12739 + C00014
C07649	C16633	R08229 - C07649 + C00620 <=> C16633 + C00009
C16633	C16634	R08232 - C16633 + C00002 <=> C16634 + C00008
C04646	C16618	R08240 - C04646 + C00003 + C00001 <=> C16618 + C00004 + C00080
C16618	C16619	R08244 - C16618 + C00002 + C00064 + C00001 <=> C16619 + C00020 + C00013 + C00025
C16618	C00025	R08244 - C16618 + C00002 + C00064 + C00001 <=> C16619 + C00020 + C00013 + C00025
C16617	C04646	R08243 - C16617 + C00001 <=> C04646 + C00013
C07645	C11583	R08280 - C07645 + C00051 <=> C11583 + C00001
C07645	C16551	R08281 - C07645 + C00004 + C00080 <=> C16551 + C00003
C07645	C07646	R08283 - C07645 + C00006 + C00001 <=> C07646 + C00005 + C00080
C16586	C16587	R08306 - C16586 + C00003 <=> C16587 + C00004 + C00080
C16587	C16591	R08307 - C16587 + C00003 + C00001 <=> C16591 + C00004 + C00080
C16595	C16596	R08310 - C16595 + C00003 <=> C16596 + C00004 + C00080
C04232	C03723	R08364 - C04232 + C03170 + C00001 <=> C03723 + C02090
C15586	C15587	R08368 - C15586 + C00009 <=> C15587 + C00620
C17211	C17213	R08622 - C17211 + C00151 <=> C17213 + C00161
C17216	C17217	R08626 - C17216 + C00151 <=> C17217 + C00161
C17322	C17323	R08701 - C17322 + C00037 + C03479 + C00030 <=> C17323 + C00101 + C00028 + C00001
C15613	C17343	R08734 - C15613 <=> C17343
C17345	C17346	R08739 - C17345 <=> C17346
C05848	C17554	R08770 - C05848 + 2 C22150 + C00007 + 2 C00080 <=> C17554 + 2 C22151 + C00001
C17554	C17559	R08771 - C17554 + C00019 <=> C17559 + C00021
C17559	C17552	R08772 - C17559 <=> C17552 + C00011
C17552	C19858	R13426 - C17552 + 2 C22150 + C00007 + 2 C00080 <=> C19858 + 2 C22151 + C00001
C17562	C00399	R08781 - C17562 + C00019 <=> C00399 + C00021
C00399	C00390	R13223 - C00399 + C00042 <=> C00390 + C00122
C00399	C00122	R13223 - C00399 + C00042 <=> C00390 + C00122
C18075	C05284	R08980 - C18075 + C00006 <=> C05284 + C00005 + C00080
C03205	C18040	R08954 - C03205 + C00005 + C00080 <=> C18040 + C00006
C18168	C18169	R09073 - C18168 + 3 C00019 <=> C18169 + 3 C00021
C00750	C00315	R09076 - C00750 + C00007 + C00001 <=> C00315 + C05665 + C00027
C18242	C18243	R09136 - C18242 + C00001 <=> C18243
C18309	C18310	R09220 - C18309 + C00001 <=> C18310
C18304	C18305	R09222 - C18304 + C00001 <=> C18305
C00448	C01230	R09245 - C00448 + 3 C00129 <=> C01230 + 3 C00013
C00448	C20120	R09844 - C00448 + C20119 <=> C20120 + C00013
C00353	C01230	R09246 - C00353 + 2 C00129 <=> C01230 + 2 C00013
C05689	C00022	R09366 - C05689 + C00001 <=> C00022 + C00014 + C05703
C19586	C11278	R09409 - C19586 + C00051 <=> C11278
C19589	C19591	R09412 - C19589 <=> C19591
C19589	C19592	R09413 - C19589 <=> C19592
C19591	C19590	R09414 - C19591 <=> C19590
C19592	C19590	R09415 - C19592 <=> C19590
C00712	C19418	R09462 - C00712 + C01025 <=> C19418 + C00069
C19616	C19620	R09463 - C19616 + C01025 <=> C19620 + C00069
C19691	C03461	R09562 - C19691 + C00007 + C00001 <=> C03461 + C00097 + C00027
C19848	C18237	R09735 - C19848 + C06232 <=> C18237 + C00020 + C00001
C05981	C11554	R09827 - C05981 + C00001 <=> C11554 + C00009
C20120	C04506	R09845 - C20120 + C00001 <=> C04506 + C00012
C20267	C01279	R09993 - C20267 + C00001 <=> C01279 + C00014
C05143	C03742	R10035 - C05143 + C00001 <=> C03742 + C00221
C08334	C18796	R10039 - C08334 + C00001 <=> C18796 + C00221
C01594	C02659	R10040 - C01594 + C00001 <=> C02659 + C00221
C05545	C02188	R10056 - C05545 + 2 C00026 + 2 C00007 <=> C02188 + 2 C00042 + 2 C00067 + 2 C00011
C04530	C04840	R10057 - C04530 + 6 C00999 + 3 C00007 + 6 C00080 <=> C04840 + 6 C00996 + 4 C00001
C01417	C00014	R10079 - C01417 + C00288 + C00080 <=> C00014 + 2 C00011
C20372	C20373	R10116 - C20372 + C00005 + C00080 <=> C20373 + C00006
C20376	C20377	R10120 - C20376 + C00005 + C00080 <=> C20377 + C00006
C19845	C01092	R10124 - C19845 + C00041 <=> C01092 + C00229 + C00011
C00674	C00280	R10242 - C00674 + C00006 <=> C00280 + C00005 + C00080
C20463	C15587	R10244 - C20463 + C00009 <=> C15587 + C00672
C20657	C01769	R10504 - C20657 + C00003 <=> C01769 + C00004 + C00080
C02426	C00116	R10563 - C02426 + C00005 + C00080 <=> C00116 + C00006
C04752	C01081	R10712 - C04752 + C20247 <=> C01081 + C00013 + C00011
C00424	C00546	R10715 - C00424 + C00003 <=> C00546 + C00004 + C00080
C00583	C05235	R10717 - C00583 + C00003 <=> C05235 + C00004 + C00080
C00507	C02991	R10995 - C00507 + C00003 <=> C02991 + C00004 + C00080
C20878	C20877	R10826 - C20878 + C00006 <=> C20877 + C00005 + C00080
C20878	C20879	R10827 - C20878 <=> C20879 + C00001
C20876	C20879	R10828 - C20876 + C00006 <=> C20879 + C00005 + C00080
C11556	C11557	R10928 - C11556 + C00001 <=> C11557 + C00009
C02356	C00109	R10991 - C02356 + C00026 <=> C00109 + C00025
C02356	C00025	R10991 - C02356 + C00026 <=> C00109 + C00025
C21017	C21018	R10997 - C21017 + C15972 <=> C21018 + C00068
C20994	C05570	R11023 - C20994 + C00030 <=> C05570 + C00022 + C00014 + C00028
C20994	C00022	R11023 - C20994 + C00030 <=> C05570 + C00022 + C00014 + C00028
C21072	C21000	R11044 - C21072 + 2 C00999 + C00007 + 2 C00080 <=> C21000 + 2 C00996 + 2 C00001
C03375	C00170	R11088 - C01137 + C03375 <=> C00170 + C21004 + C00080
C20905	C00109	R11098 - C20905 + C00001 <=> C00109 + C00014
C20904	C00022	R11099 - C20904 + C00001 <=> C00022 + C00014
C01935	C00208	R11262 - C01935 + C00001 <=> C00208
C01898	C00185	R11308 - C01898 <=> C00185
C00068	C03028	R11319 - C00068 + C00008 <=> C03028 + C00020
C21284	C05770	R11329 - C21284 + 2 C00080 <=> C05770 + C14818
C01432	C00022	R11676 - C01432 + 2 C00003 + 2 C00138 <=> C00022 + 2 C00004 + 2 C00139
C21750	C21748	R11893 - C21750 + C00343 + C00001 <=> C21748 + C00342
C21751	C04242	R11896 - C21751 + C00001 <=> C04242 + C00013
C21758	C02320	R11905 - C21758 + C00051 <=> C02320
C22131	C00301	R12390 - C22131 + C00001 <=> C00301 + C00033
C20658	C00301	R12391 - C20658 + C00001 <=> C00301 + C00033
C05103	C22112	R12403 - C05103 + 6 C00999 + 3 C00007 + 6 C00080 <=> C22112 + 6 C00996 + 4 C00001
C22112	C22136	R12404 - C22112 + C00006 <=> C22136 + C00005 + C00080 + C00011
C22160	C15973	R12423 - C22160 + C22154 + 2 C00019 + 2 C22150 + 8 C00080 <=> C15973 + C22155 + 2 C00283 + 4 C14818 + 2 C00073 + 2 C05198 + 2 C22151
C22159	C02972	R12424 - C22159 + C22154 + 2 C00019 + 2 C22150 + 8 C00080 <=> C02972 + C22155 + 2 C00283 + 4 C14818 + 2 C00073 + 2 C05198 + 2 C22151
C22395	C22441	R12851 - C22395 <=> C22441 + C00122
C22395	C00122	R12851 - C22395 <=> C22441 + C00122
C22441	C22442	R12852 - C22441 + C00002 <=> C22442 + C00008
C22442	C22443	R12853 - C22442 + C00002 <=> C22443 + C00008
C01037	C22458	R12933 - C01037 + C00011 <=> C22458
C22458	C01909	R12934 - C22458 + C00002 <=> C01909 + C00008 + C00009
C22467	C03405	R12963 - C22467 + C00001 <=> C03405 + C01132
C22467	C01132	R12963 - C22467 + C00001 <=> C03405 + C01132
C10216	C10208	R13051 - C10216 + C00001 <=> C10208 + C00221
C09126	C06563	R13052 - C09126 + C00001 <=> C06563 + C00221
C05623	C00389	R13065 - C05623 + C00001 <=> C00389 + C00221
C09099	C00509	R13081 - C09099 + C00001 <=> C00509 + C00221
C22667	C06157	R13167 - C22667 + C15972 <=> C06157 + C00068
C03108	C00031	R13178 - C03108 + C00001 <=> C00031 + C00319
C22831	C01176	R13215 - C22831 + C00006 <=> C01176 + C00005 + C00080
C22971	C22963	R13399 - C22971 + C00001 <=> C22963 + C00346
C17561	C17562	R13408 - C17561 + C00004 + C00007 <=> C17562 + C00003 + C00001
C23011	C20840	R13462 - C23011 <=> C20840
