Reaction,equation
R00001,C00404 + n C00001 <=> (n+1) C02174
R00004,C00013 + C00001 <=> 2 C00009
R00005,C01010 + C00001 <=> 2 C00011 + 2 C00014
R00006,C00900 + C00011 <=> 2 C00022
R00009,2 C00027 <=> C00007 + 2 C00001
R00010,C01083 + C00001 <=> 2 C00031
R00014,C00022 + C00068 <=> C05125 + C00011
R00017,C00027 + 2 C00126 <=> 2 C00125 + 2 C00001
R00025,C18091 + C00007 + C01847 <=> C00084 + C00088 + C00061 + C00001
R00034,C03103 <=> 2 C08249
R00036,2 C00430 <=> C00931 + 2 C00001
R00057,C00007 + 2 C01525 <=> C02318 + C00027
R00066,2 C04332 <=> C00255 + C04732
R00078,C00007 + 4 C14818 + 4 C00080 <=> 4 C14819 + 2 C00001
R00081,C00007 + 4 C00126 + 8 C00080 <=> 4 C00125 + 2 C00001 + 4 C00080
R00082,C00007 + 4 C01000 <=> 4 C00997 + 2 C00001
R00084,4 C00931 + C00001 <=> C01024 + 4 C00014
R00085,C00002 + 2 C00001 <=> C00020 + 2 C00009
R00086,C00002 + C00001 <=> C00008 + C00009
R00089,C00002 <=> C00575 + C00013
R00093,2 C00025 + C00003 <=> C00064 + C00026 + C00004 + C00080
R00094,2 C00051 + C00003 <=> C00127 + C00004 + C00080
R00100,C00004 + 2 C00996 <=> C00003 + 2 C00999 + C00080
R00103,C00003 + C00001 <=> C00020 + C00455
R00104,C00002 + C00003 <=> C00008 + C00006
R00105,C00002 + C00004 <=> C00008 + C00005
R00106,C00005 + 2 C00923 <=> C00006 + 2 C00924 + C00080
R00115,2 C00051 + C00006 <=> C00127 + C00005 + C00080
R00122,C00008 + C00001 <=> C00020 + C00009
R00124,C00002 + C00008 <=> C00008 + C00002
R00126,C00008 + C00002 <=> C00009 + C01260
R00127,C00002 + C00020 <=> 2 C00008
R00129,C00002 + C04856 <=> C00008 + C00009 + C00004
R00130,C00002 + C00882 <=> C00008 + C00010
R00132,C01353 <=> C00011 + C00001
R00137,C00002 + C00455 <=> C00013 + C00003
R00139,C11038 + C00002 <=> C11039 + C00008
R00145,C05167 + C00001 + C00003 <=> C00161 + C00014 + C00004 + C00080
R00146,C05167 + C00001 + C00006 <=> C00161 + C00014 + C00005 + C00080
R00155,C00015 + C00001 <=> C00105 + C00009
R00156,C00002 + C00015 <=> C00008 + C00075
R00157,C00075 + C00020 <=> C00015 + C00008
R00158,C00002 + C00105 <=> C00008 + C00015
R00159,C00075 + C00001 <=> C00015 + C00009
R00161,C00002 + C00061 <=> C00013 + C00016
R00162,C00002 + C00017 <=> C00008 + C00562
R00164,C00562 + C00001 <=> C00017 + C00009
R00174,C00002 + C00250 <=> C00008 + C00018
R00177,C00009 + C00013 + C00019 <=> C00002 + C00073 + C00001
R00178,C00019 + C00080 <=> C01137 + C00011
R00181,C00020 + C00001 <=> C00130 + C00014
R00185,C00002 + C00212 <=> C00008 + C00020
R00187,C06197 + C00001 <=> C00008 + C00020
R00188,C00054 + C00001 <=> C00020 + C00009
R00189,C00002 + C00857 + C00014 <=> C00020 + C00013 + C00003
R00190,C00020 + C00013 <=> C00147 + C00119
R00191,C00575 + C00001 <=> C00020
R00192,C00021 + C00001 <=> C00212 + C00155
R00196,C00186 + 2 C00125 <=> C00022 + 2 C00126 + 2 C00080
R00197,C00256 + 2 C00125 <=> C00022 + 2 C00126 + 2 C00080
R00200,C00002 + C00022 <=> C00008 + C00074
R00214,C00149 + C00003 <=> C00022 + C00011 + C00004 + C00080
R00217,C00036 <=> C00022 + C00011
R00220,C00065 <=> C00022 + C00014
R00221,C00740 <=> C00022 + C00014
R00224,C00022 <=> C00084 + C00011
R00226,C06010 + C00011 <=> 2 C00022
R00227,C00024 + C00001 <=> C00010 + C00033
R00235,C00002 + C00033 + C00010 <=> C00020 + C00013 + C00024
R00236,C05993 + C00010 <=> C00020 + C00024
R00238,2 C00024 <=> C00010 + C00332
R00239,C00002 + C00025 <=> C00008 + C03287
R00243,C00025 + C00003 + C00001 <=> C00026 + C00014 + C00004 + C00080
R00245,C01165 + C00003 + C00001 <=> C00025 + C00004 + C00080
R00248,C00025 + C00006 + C00001 <=> C00026 + C00014 + C00005 + C00080
R00251,C00002 + C01879 + 2 C00001 <=> C00008 + C00009 + C00025
R00253,C00002 + C00025 + C00014 <=> C00008 + C00009 + C00064
R00256,C00064 + C00001 <=> C00025 + C00014
R00257,C00002 + C00857 + C00064 + C00001 <=> C00020 + C00013 + C00003 + C00025
R00258,C00041 + C00026 <=> C00022 + C00025
R00259,C00024 + C00025 <=> C00010 + C00624
R00261,C00025 <=> C00334 + C00011
R00264,C00433 + C00006 + C00001 <=> C00026 + C00005 + C00080
R00267,C00311 + C00006 <=> C00026 + C00011 + C00005 + C00080
R00268,C05379 <=> C00026 + C00011
R00269,C00940 + C00001 <=> C00026 + C00014
R00271,C00024 + C00001 + C00026 <=> C01251 + C00010
R00275,2 C00704 + 2 C00080 <=> C00027 + C00007
R00277,C00647 + C00001 + C00007 <=> C00018 + C00014 + C00027
R00278,C00627 + C00007 <=> C00027 + C00018
R00282,C00028 + C00005 + C00080 <=> C00030 + C00006
R00289,C00075 + C00103 <=> C00013 + C00029
R00291,C00029 <=> C00052
R00292,C00029 + C00718 <=> C00015 + C00718
R00299,C00002 + C00031 <=> C00008 + C00092
R00308,C00965 + C00001 <=> C00031 + C00965
R00310,C02191 + C14818 <=> C00032 + 2 C00080
R00316,C00002 + C00033 <=> C00013 + C05993
R00321,C06244 + C00001 <=> C00033 + C00014
R00328,C00035 + C00001 <=> C00144 + C00009
R00330,C00002 + C00035 <=> C00008 + C00044
R00331,C00002 + C00454 <=> C00008 + C00201
R00332,C00002 + C00144 <=> C00008 + C00035
R00333,C00201 + C00020 <=> C00454 + C00008
R00335,C00044 + C00001 <=> C00035 + C00009
R00341,C00002 + C00036 <=> C00008 + C00074 + C00011
R00342,C00149 + C00003 <=> C00036 + C00004 + C00080
R00344,C00002 + C00022 + C00288 <=> C00008 + C00009 + C00036
R00348,C02362 + C00001 <=> C00036 + C00014
R00351,C00158 + C00010 <=> C00024 + C00001 + C00036
R00355,C00049 + C00026 <=> C00036 + C00025
R00369,C00041 + C00048 <=> C00022 + C00037
R00372,C00037 + C00026 <=> C00048 + C00025
R00375,C00131 + C00039 <=> C00013 + C00039
R00376,C00286 + C00039 <=> C00013 + C00039
R00377,C00458 + C00039 <=> C00013 + C00039
R00378,C00459 + C00039 <=> C00013 + C00039
R00379,C00677 + C00039(n) <=> C00013 + C00039(n+1)
R00381,C00002 + C00039(n) + C02128(m) <=> C00020 + C00013 + C00039(n+m)
R00382,C00003 + C00039(n) + C02128(m) <=> C00020 + C00455 + C00039(n+m)
R00388,C00040 + C00007 <=> C00658 + C00027
R00390,C00002 + C00638 + C00010 <=> C00020 + C00013 + C02843
R00391,C00040 + C00024 <=> C00010 + C00264
R00405,C00002 + C00042 + C00010 <=> C00008 + C00009 + C00091
R00409,C04593 <=> C00022 + C00042
R00416,C00075 + C04501 <=> C00013 + C00043
R00418,C00043 <=> C00203
R00424,C00044 + C00001 <=> C04895 + C00058
R00425,C00044 + 4 C00001 <=> C00058 + C01304 + 2 C00009
R00428,C00044 + C00001 <=> C05922
R00430,C00044 + C00022 <=> C00035 + C00074
R00432,C00044 + C00042 + C00010 <=> C00035 + C00009 + C00091
R00434,C00044 <=> C00942 + C00013
R00435,C00002 + C00046 <=> C00013 + C00046
R00436,C00002 + C00046 <=> C00020 + C00013 + C02073
R00441,C00044 + C00046 <=> C00013 + C00046
R00442,C00063 + C00046 <=> C00013 + C00046
R00443,C00075 + C00046 <=> C00013 + C00046
R00444,C00201 + C00046 <=> C00013 + C00046
R00472,C00149 + C00010 <=> C00024 + C00001 + C00048
R00479,C00311 <=> C00042 + C00048
R00480,C00002 + C00049 <=> C00008 + C03082
R00483,C00002 + C00049 + C00014 <=> C00020 + C00013 + C00152
R00485,C00152 + C00001 <=> C00049 + C00014
R00489,C00049 <=> C00099 + C00011
R00494,C00051 + C00001 <=> C01419 + C00025
R00497,C00002 + C00669 + C00037 <=> C00008 + C00009 + C00051
R00508,C00053 + C00001 <=> C00224 + C00009
R00509,C00002 + C00224 <=> C00008 + C00053
R00512,C00002 + C00055 <=> C00008 + C00112
R00513,C00002 + C00475 <=> C00008 + C00055
R00514,C00112 + C00001 <=> C00055 + C00009
R00517,C00044 + C00475 <=> C00035 + C00055
R00519,C00058 + C00003 <=> C00080 + C00011 + C00004
R00527,C01031 + C00001 <=> C00058 + C00051
R00529,C00002 + C00059 <=> C00013 + C00224
R00530,C00008 + C00059 <=> C00009 + C00224
R00538,C00071 + C00003 + C00001 <=> C00060 + C00004 + C00080
R00540,C00726 + 2 C00001 <=> C00060 + C00014
R00543,C02119 + C00001 <=> C00060 + C00022
R00548,C00061 + C00001 <=> C00255 + C00009
R00549,C00002 + C00255 <=> C00008 + C00061
R00551,C00062 + C00001 <=> C00077 + C00086
R00569,C00063 + C00001 <=> C00112 + C00009
R00570,C00002 + C00112 <=> C00008 + C00063
R00571,C00002 + C00075 + C00014 <=> C00008 + C00009 + C00063
R00572,C00063 + C00022 <=> C00112 + C00074
R00573,C00002 + C00075 + C00064 + C00001 <=> C00008 + C00009 + C00063 + C00025
R00575,2 C00002 + C00064 + C00288 + C00001 <=> 2 C00008 + C00009 + C00025 + C00169
R00578,C00002 + C00049 + C00064 + C00001 <=> C00020 + C00013 + C00152 + C00025
R00582,C01005 + C00001 <=> C00065 + C00009
R00585,C00065 + C00022 <=> C00168 + C00041
R00588,C00065 + C00048 <=> C00168 + C00037
R00590,C00065 <=> C02218 + C00001
R00594,C00019 + C01764 <=> C00021 + C03446
R00595,C00019 + C17325 <=> C00021 + C04155
R00597,C00019 + C01977 <=> C00021 + C04157
R00600,C00019 + C01977 <=> C00021 + C04160
R00602,C00132 + C00027 <=> C00067 + 2 C00001
R00619,C00002 + C00378 <=> C00020 + C00068
R00621,C00026 + C00068 <=> C05381 + C00011
R00623,C00226 + C00003 <=> C00071 + C00004 + C00080
R00624,C01612 + C00003 <=> C01450 + C00004 + C00080
R00625,C00226 + C00006 <=> C00071 + C00005 + C00080
R00626,C01153 + C00001 <=> C00069 + C00009
R00627,C00024 + C00069 <=> C00010 + C01883
R00631,C00071 + C00003 + C00001 <=> C00162 + C00004 + C00080
R00636,C00161 <=> C00071 + C00011
R00650,C00019 + C00155 <=> C00021 + C00073
R00651,C01077 + C00409 <=> C00073 + C00033
R00658,C00631 <=> C00074 + C00001
R00659,C00075 + C00022 <=> C00015 + C00074
R00667,C00077 + C00026 <=> C01165 + C00025
R00668,C00077 + C00026 <=> C04322 + C00025 + C00001
R00670,C00077 <=> C00134 + C00011
R00674,C00065 + C00463 <=> C00078 + C00001
R00678,C00078 + C00007 <=> C02700
R00684,C00078 + C00026 <=> C00331 + C00025
R00691,C00826 <=> C00079 + C00001 + C00011
R00692,C00079 + C00022 <=> C00166 + C00041
R00694,C00079 + C00026 <=> C00166 + C00025
R00702,2 C00448 <=> C00013 + C03428
R00707,C03912 + C00003 + 2 C00001 <=> C00025 + C00004 + C00080
R00708,C03912 + C00006 + 2 C00001 <=> C00025 + C00005 + C00080
R00709,C00311 + C00003 <=> C00026 + C00011 + C00004 + C00080
R00710,C00084 + C00003 + C00001 <=> C00033 + C00004 + C00080
R00713,C00232 + C00003 + C00001 <=> C00042 + C00004 + C00080
R00714,C00232 + C00006 + C00001 <=> C00042 + C00005 + C00080
R00715,C00449 + C00003 + C00001 <=> C00047 + C00026 + C00004 + C00080
R00717,C00160 + C00003 <=> C00048 + C00004 + C00080
R00719,C00081 + C00001 <=> C00104 + C00009
R00720,C00081 + C00001 <=> C00130 + C00013
R00722,C00002 + C00104 <=> C00008 + C00081
R00724,C00081 + C00022 <=> C00104 + C00074
R00725,C00081 + C00031 <=> C00104 + C00092
R00727,C00081 + C00042 + C00010 <=> C00104 + C00009 + C00091
R00734,C00082 + C00026 <=> C01179 + C00025
R00742,C00002 + C00024 + C00288 <=> C00008 + C00009 + C00083
R00746,C00469 + C00006 <=> C00084 + C00005 + C00080
R00751,C00188 <=> C00037 + C00084
R00754,C00469 + C00003 <=> C00084 + C00004 + C00080
R00755,C00084 + C00068 <=> C05125
R00756,C00002 + C00085 <=> C00008 + C00354
R00760,C00002 + C00095 <=> C00008 + C00085
R00762,C00354 + C00001 <=> C00085 + C00009
R00763,C00665 + C00001 <=> C00085 + C00009
R00767,C00063 + C00085 <=> C00112 + C00354
R00768,C00064 + C00085 <=> C00025 + C00352
R00769,C00075 + C00085 <=> C00015 + C00354
R00770,C00081 + C00085 <=> C00104 + C00354
R00771,C00092 <=> C00085
R00772,C00275 <=> C00085
R00774,C00002 + C00086 + C00288 <=> C00008 + C00009 + C01010
R00776,C00603 <=> C00048 + C00086
R00778,C00086 <=> C01566 + C00001
R00782,C00097 + C00001 <=> C00283 + C00022 + C00014
R00801,C00089 + C00001 <=> C00095 + C00031
R00802,C00089 + C00001 <=> C02336 + C00267
R00829,C00091 + C00024 <=> C00010 + C02232
R00830,C00091 + C00037 <=> C00430 + C00010 + C00011
R00835,C00092 + C00006 <=> C01236 + C00005 + C00080
R00836,C00029 + C00092 <=> C00015 + C00689
R00841,C00093 + C00001 <=> C00116 + C00009
R00842,C00093 + C00003 <=> C00111 + C00004 + C00080
R00847,C00002 + C00116 <=> C00008 + C00093
R00848,C00093 + C00016 <=> C00111 + C01352
R00849,C00093 + C15602 <=> C00111 + C15603
R00851,C00093 + C00040 <=> C00681 + C00010
R00857,C03120 + C00001 <=> C00069 + C00093
R00858,C00283 + 3 C00006 + 3 C00001 <=> C00094 + 3 C00005 + 3 C00080
R00867,C00002 + C00095 <=> C00008 + C05345
R00868,C00392 + C00003 <=> C00095 + C00004 + C00080
R00875,C00794 + C00003 <=> C00095 + C00004 + C00080
R00876,C00081 + C00095 <=> C00104 + C00085
R00885,C00044 + C00636 <=> C00013 + C00096
R00891,C00065 + C00283 <=> C00097 + C00001
R00894,C00002 + C00025 + C00097 <=> C00008 + C00009 + C00669
R00895,C00097 + C00026 <=> C00957 + C00025
R00896,C00097 + C00026 <=> C00957 + C00302
R00897,C00979 + C00283 <=> C00097 + C00033
R00900,C00097 + C00051 + C00006 <=> C05526 + C00005
R00904,C05665 + C00003 + C00001 <=> C00099 + C00004 + C00080
R00908,C00099 + C00026 <=> C00222 + C00025
R00925,C00002 + C00163 + C00010 <=> C00020 + C00013 + C00100
R00926,C05983 + C00010 <=> C00020 + C00100
R00927,C00100 + C00024 <=> C00010 + C03344
R00936,C00101 + C00003 <=> C00415 + C00004 + C00080
R00937,C00101 + 2 C00003 <=> C00504 + 2 C00004 + 2 C00080
R00939,C00101 + C00006 <=> C00415 + C00005 + C00080
R00940,C00101 + 2 C00006 <=> C00504 + 2 C00005 + 2 C00080
R00942,C00002 + C00101 + C00025 <=> C00008 + C00009 + C09332
R00943,C00101 + C00058 + C00002 <=> C00008 + C00009 + C00234
R00945,C00143 + C00037 + C00001 <=> C00101 + C00065
R00955,C00029 + C00446 <=> C00103 + C00052
R00959,C00103 <=> C00668
R00961,C00104 + C00001 <=> C00130 + C00009
R00964,C00002 + C00299 <=> C00008 + C00105
R00965,C01103 <=> C00105 + C00011
R00966,C00105 + C00013 <=> C00106 + C00119
R00968,C00044 + C00299 <=> C00035 + C00105
R00974,C00380 + C00001 <=> C00106 + C00014
R00985,C00251 + C00014 <=> C00108 + C00022 + C00001
R00986,C00251 + C00064 <=> C00108 + C00022 + C00025
R00987,C00328 + C00001 <=> C00108 + C00041
R00988,C05653 + C00001 <=> C00058 + C00108
R00994,C00109 + C00011 + C00004 + C00080 <=> C06032 + C00003
R00996,C00188 <=> C00109 + C00014
R00999,C01118 + C00001 <=> C00109 + C00042 + C00014
R01001,C02291 + C00001 <=> C00097 + C00014 + C00109
R01004,C00621 + C00001 <=> C00110 + C00009
R01005,C00029 + C00110 <=> C00015 + C01246
R01007,C00043 + C00110 <=> C00105 + C04500
R01009,C00096 + C00110 <=> C00035 + C03862
R01010,C00111 + C00001 <=> C00184 + C00009
R01011,C00002 + C00184 <=> C00008 + C00111
R01013,C00040 + C00111 <=> C00010 + C03372
R01015,C00118 <=> C00111
R01018,C00063 + C00381 <=> C00112 + C00110
R01021,C00002 + C00114 <=> C00008 + C00588
R01030,C00670 + C00001 <=> C00114 + C00093
R01039,C00116 + C00006 <=> C00184 + C00005 + C00080
R01041,C00116 + C00006 <=> C00577 + C00005 + C00080
R01049,C00002 + C00117 <=> C00020 + C00119
R01051,C00002 + C00121 <=> C00008 + C00117
R01054,C00301 + C00001 <=> C00020 + C00117
R01056,C00117 <=> C00199
R01057,C00620 <=> C00117
R01059,C00002 + C00577 <=> C00008 + C00118
R01061,C00118 + C00009 + C00003 <=> C00236 + C00004 + C00080
R01067,C00085 + C00118 <=> C00279 + C00231
R01068,C00354 <=> C00111 + C00118
R01070,C05378 <=> C00111 + C00118
R01071,C02739 + C00013 <=> C00002 + C00119
R01072,C03090 + C00013 + C00025 <=> C00064 + C00119 + C00001
R01073,C04302 + C00013 <=> C00108 + C00119
R01074,C00002 + C00120 <=> C00013 + C05921
R01078,C01909 + C17023 + 2 C00019 + 2 C05359 + 2 C00080 <=> C00120 + 2 C00073 + 2 C05198
R01080,C00299 + C00001 <=> C00106 + C00121
R01082,C00149 <=> C00122 + C00001
R01083,C03794 <=> C00122 + C00020
R01085,C02514 + C00001 <=> C00122 + C00022
R01086,C03406 <=> C00122 + C00062
R01090,C00123 + C00026 <=> C00233 + C00025
R01092,C00002 + C00984 <=> C00008 + C00446
R01121,C00002 + C01143 <=> C00008 + C00009 + C00129 + C00011
R01122,C00235 + C17324 <=> C00013 + C04432
R01123,C00129 <=> C00235
R01126,C00130 + C00001 <=> C00294 + C00009
R01127,C00130 + C00001 <=> C04734
R01130,C00130 + C00003 + C00001 <=> C00655 + C00004 + C00080
R01132,C00130 + C00013 <=> C00262 + C00119
R01135,C00044 + C00130 + C00049 <=> C00035 + C00009 + C03794
R01137,C00002 + C00206 <=> C00008 + C00131
R01138,C00131 + C00022 <=> C00206 + C00074
R01139,C00131 + C00031 <=> C00206 + C00092
R01140,C00131 + C00095 <=> C00206 + C00085
R01158,C00860 + 2 C00003 + C00001 <=> C00135 + 2 C00004 + 2 C00080
R01163,C01929 + C00001 + C00003 <=> C00135 + C00004 + C00080
R01175,C00136 + C00016 <=> C01352 + C00877
R01177,C00024 + C00136 <=> C00010 + C05269
R01185,C01177 + C00001 <=> C00137 + C00009
R01186,C03546 + C00001 <=> C00137 + C00009
R01187,C04006 + C00001 <=> C00137 + C00009
R01206,C00461 + C00001 <=> C00140 + C00461
R01209,C04039 <=> C00141 + C00001
R01213,C02504 + C00010 <=> C00024 + C00141 + C00001
R01214,C00183 + C00026 <=> C00141 + C00025
R01216,C00966 <=> C00141 + C00067
R01218,C00143 + C00003 <=> C00445 + C00004
R01220,C00143 + C00006 <=> C00445 + C00005
R01224,C00440 + C00006 <=> C00143 + C00005 + C00080
R01226,C00143 + C00141 + C00001 <=> C00101 + C00966
R01229,C00144 + C00013 <=> C00242 + C00119
R01230,C00002 + C00655 + C00014 <=> C00020 + C00013 + C00144
R01231,C00002 + C00655 + C00064 + C00001 <=> C00020 + C00013 + C00144 + C00025
R01234,C00942 + C00001 <=> C00144
R01244,C00147 + C00001 <=> C00262 + C00014
R01248,C00148 + C00003 <=> C03912 + C00004 + C00080
R01251,C00148 + C00006 <=> C03912 + C00005 + C00080
R01253,C00148 + C15602 <=> C03912 + C15603
R01262,C00051 + C00151 <=> C01419 + C03740
R01268,C00153 + C00001 <=> C00253 + C00014
R01273,C03150 + C00001 <=> C00153 + C00121
R01274,C00154 + C00001 <=> C00010 + C00249
R01278,C00154 + C00006 <=> C05272 + C00005 + C00080
R01279,C00154 + C00016 <=> C05272 + C01352
R01280,C00002 + C00249 + C00010 <=> C00020 + C00154 + C00013
R01281,C00154 + C00065 <=> C02934 + C00010 + C00011
R01286,C02291 + C00001 <=> C00155 + C00014 + C00022
R01287,C01077 + C00283 <=> C00155 + C00033
R01288,C01118 + C00283 <=> C00155 + C00042
R01289,C00065 + C00155 <=> C00542 + C00001
R01290,C00065 + C00155 <=> C02291 + C00001
R01309,C00157 + 2 C00001 <=> C00670 + 2 C00162
R01310,C00157 + C00001 <=> C00416 + C00114
R01313,C00157 + C00001 <=> C04230 + C00060
R01315,C00157 + C00001 <=> C04230 + C00162
R01317,C00157 + C00001 <=> C04230 + C00219
R01318,C00040 + C04230 <=> C00010 + C00157
R01320,C00019 + C04308 <=> C00021 + C00157
R01321,C00307 + C00641 <=> C00055 + C00157
R01324,C00158 <=> C00311
R01325,C00158 <=> C00417 + C00001
R01326,C00002 + C00159 <=> C00008 + C00275
R01327,C00081 + C00159 <=> C00104 + C00275
R01330,C00131 + C00159 <=> C00206 + C00275
R01343,C00077 + C00161 <=> C01165 + C00151
R01351,C01885 + C00001 <=> C00116 + C00162
R01352,C02112 + C00001 <=> C00116 + C00162
R01354,C00002 + C00163 <=> C00013 + C05983
R01368,C00040 + C02112 <=> C00010 + C00165
R01369,C00422 + C00001 <=> C00165 + C00060
R01373,C00254 <=> C00166 + C00001 + C00011
R01376,C00078 + C00166 <=> C00331 + C00079
R01388,C00258 + C00003 <=> C00168 + C00004 + C00080
R01395,C00002 + C01563 <=> C00008 + C00169
R01397,C00169 + C00049 <=> C00009 + C00438
R01398,C00169 + C00077 <=> C00009 + C00327
R01402,C00170 + C00009 <=> C00147 + C04188
R01411,C02376 + C00001 <=> C00178 + C00014
R01431,C00379 + C00006 <=> C00181 + C00005 + C00080
R01461,C00040 + C00187 <=> C00010 + C02530
R01462,C02530 + C00001 <=> C00187 + C00162
R01466,C01102 + C00001 <=> C00188 + C00009
R01468,C00002 + C00189 <=> C00008 + C00346
R01470,C01233 + C00001 <=> C00189 + C00093
R01481,C00800 + C00006 <=> C00191 + C00005 + C00080
R01496,C00040 + C00319 <=> C00010 + C00195
R01512,C00002 + C00197 <=> C00008 + C00236
R01513,C00197 + C00003 <=> C03232 + C00004 + C00080
R01514,C00002 + C00258 <=> C00008 + C00197
R01516,C01159 + C00615 <=> C00197 + C04262
R01518,C00631 <=> C00197
R01526,C00002 + C00309 <=> C00008 + C00199
R01528,C00345 + C00006 <=> C00199 + C00011 + C00005 + C00080
R01529,C00199 <=> C00231
R01547,C00002 + C00360 <=> C00008 + C00206
R01558,C00002 + C00209 + C00010 <=> C00020 + C00013 + C00313
R01561,C00212 + C00009 <=> C00147 + C00620
R01569,C00364 + C00001 <=> C00214 + C00009
R01574,C00216 + C00003 <=> C00652 + C00004 + C00080
R01575,C00216 + C00006 <=> C00652 + C00005 + C00080
R01600,C00002 + C00221 <=> C00008 + C01172
R01602,C00267 <=> C00221
R01618,C00224 + C00002 <=> C00059 + C01260
R01624,C00024 + C00229 <=> C00010 + C03939
R01625,C00010 + C03688 <=> C00054 + C00229
R01626,C00083 + C00229 <=> C00010 + C01209
R01639,C00002 + C00310 <=> C00008 + C00231
R01641,C05382 + C00118 <=> C00117 + C00231
R01648,C00334 + C00026 <=> C00232 + C00025
R01652,C00233 + C00011 <=> C04236
R01654,C00002 + C00234 + C00025 <=> C00008 + C00009 + C05928
R01655,C00445 + C00001 <=> C00234 + C00080
R01658,C00235 + C00129 <=> C00013 + C00341
R01663,C00239 + C00001 <=> C00365 + C00014
R01664,C00239 + C00001 <=> C00881 + C00009
R01665,C00002 + C00239 <=> C00008 + C00705
R01676,C00242 + C00001 <=> C00385 + C00014
R01682,C00506 <=> C00245 + C00011
R01687,C03193 + C00245 <=> C00012 + C05844
R01698,C00579 + C00003 <=> C00248 + C00004 + C00080
R01699,C00022 + C15972 <=> C16255 + C00011
R01700,C00026 + C15972 <=> C16254 + C00011
R01708,C00314 + C00006 <=> C00250 + C00005 + C00080
R01710,C00534 + C00001 + C00007 <=> C00250 + C00014 + C00027
R01711,C00314 + C00007 <=> C00250 + C00027
R01714,C01269 <=> C00251 + C00009
R01715,C00251 <=> C00254
R01716,C00251 + C00064 <=> C11355 + C00025
R01718,C00252 + C00001 <=> C00267 + C00031
R01724,C01185 + C00013 + C00008 + C00009 <=> C00253 + C00119 + C00002 + C00001 + C00080
R01730,C00254 + C00006 <=> C01179 + C00011 + C00005 + C00080
R01731,C00036 + C00826 <=> C00049 + C00254
R01736,C03451 + C00001 <=> C00051 + C00256
R01737,C00002 + C00257 <=> C00008 + C00345
R01752,C00577 + C00003 + C00001 <=> C00258 + C00004 + C00080
R01771,C00002 + C00263 <=> C00008 + C01102
R01773,C00263 + C00003 <=> C00441 + C00004 + C00080
R01775,C00263 + C00006 <=> C00441 + C00005 + C00080
R01776,C00024 + C00263 <=> C00010 + C01077
R01777,C00091 + C00263 <=> C00010 + C01118
R01786,C00002 + C00267 <=> C00008 + C00668
R01790,C00369 + C00001 <=> C00031 + C00369
R01791,C00721 + C00001 <=> C00031 + C00721
R01799,C00063 + C00416 <=> C00013 + C00269
R01800,C00269 + C00065 <=> C00055 + C02737
R01801,C00269 + C00093 <=> C00055 + C03892
R01802,C00269 + C00137 <=> C00055 + C01194
R01818,C00275 <=> C00636
R01819,C00275 <=> C05345
R01821,C00718 + C00009 <=> C00718 + C00103
R01826,C00074 + C00279 + C00001 <=> C04691 + C00009
R01827,C05382 + C00118 <=> C00279 + C05345
R01829,C00447 <=> C00111 + C00279
R01830,C05345 + C00118 <=> C00279 + C00231
R01843,C00002 + C05382 <=> C00008 + C00447
R01845,C00447 + C00001 <=> C05382 + C00009
R01857,C00002 + C00361 <=> C00008 + C00286
R01858,C00286 + C00022 <=> C00361 + C00074
R01863,C00294 + C00009 <=> C00262 + C00620
R01867,C00337 + C00122 <=> C00295 + C00042
R01870,C01103 + C00013 <=> C00295 + C00119
R01878,C00475 + C00001 <=> C00299 + C00014
R01887,C05715 + 2 C00001 <=> C00302 + C00014
R01890,C00063 + C00588 <=> C00013 + C00307
R01896,C00379 + C00003 <=> C00310 + C00004 + C00080
R01899,C00311 + C00006 <=> C05379 + C00005 + C00080
R01900,C00311 <=> C00417 + C00001
R01909,C00002 + C00314 <=> C00008 + C00627
R01920,C01137 + C00134 <=> C00170 + C00315
R01926,C00319 + C00002 <=> C06124 + C00008
R01931,C00320 + C00177 <=> C00094 + C01755
R01934,C05662 + C00003 <=> C00322 + C00011 + C00004 + C00080
R01936,C05533 <=> C00322 + C00011
R01939,C00956 + C00026 <=> C00322 + C00025
R01954,C00002 + C00327 + C00049 <=> C00020 + C00013 + C03406
R01956,C00328 + C00026 <=> C01252 + C00025
R01959,C02700 + C00001 <=> C00058 + C00328
R01960,C00328 + C00007 + C00005 + C00080 <=> C03227 + C00006 + C00001
R01961,C00002 + C00329 <=> C00008 + C00352
R01964,C00081 + C00329 <=> C00104 + C00352
R01965,C00131 + C00329 <=> C00206 + C00352
R01968,C00362 + C00001 <=> C00330 + C00009
R01969,C00330 + C00009 <=> C00242 + C00672
R01978,C00356 + C00010 <=> C00024 + C00001 + C00332
R01982,C00470 + C00001 <=> C00333 + C00470
R01986,C00555 + C00006 + C00001 <=> C00334 + C00005 + C00080
R01993,C00337 + C00001 <=> C00438
R02003,C00341 + C00129 <=> C00013 + C00448
R02016,C00342 + C00006 <=> C00343 + C00005 + C00080
R02017,C00206 + C00343 + C00001 <=> C00342 + C00008
R02018,C01346 + C00343 + C00001 <=> C00342 + C00015
R02019,C00361 + C00343 + C00001 <=> C00035 + C00342
R02021,C00342 + C00053 <=> C00343 + C00094 + C00054
R02024,C00705 + C00343 + C00001 <=> C00342 + C00112
R02025,C00073 + C00343 + C00001 <=> C02989 + C00342
R02029,C03892 + C00001 <=> C00344 + C00009
R02030,C00344 + C00269 <=> C05980 + C00055
R02035,C01236 + C00001 <=> C00345
R02038,C00063 + C00346 <=> C00013 + C00570
R02051,C00350 + C00001 <=> C00189 + C00416
R02053,C00350 + C00001 <=> C04438 + C00162
R02055,C02737 <=> C00350 + C00011
R02056,C00019 + C00350 <=> C00021 + C01241
R02057,C00570 + C00641 <=> C00055 + C00350
R02058,C00024 + C00352 <=> C00010 + C00357
R02061,C00448 + C00129 <=> C00013 + C00353
R02082,C00418 + C00010 + 2 C00006 <=> C00356 + 2 C00005 + 2 C00080
R02088,C00360 + C00001 <=> C00559 + C00009
R02090,C00002 + C00362 <=> C00008 + C00361
R02092,C00363 + C00001 <=> C00364 + C00009
R02093,C00002 + C00363 <=> C00008 + C00459
R02094,C00002 + C00364 <=> C00008 + C00363
R02095,C00459 + C00001 <=> C00363 + C00009
R02098,C00002 + C00365 <=> C00008 + C01346
R02100,C00460 + C00001 <=> C00365 + C00013
R02101,C00365 + C00143 <=> C00415 + C00364
R02102,C00365 + C00001 <=> C00526 + C00009
R02109,C00369 + C00001 <=> C00718 + C00267
R02110,C00718 <=> C00369
R02111,C00369 + C00009 <=> C00718 + C00103
R02113,C00029 + C00370 <=> C00015 + C03641
R02115,C01958 + C00001 <=> C00370 + C00162
R02124,C00473 + C00003 <=> C00376 + C00004 + C00080
R02133,C00378 + C00001 <=> C01279 + C04294 + C00080
R02135,C01081 + C00001 <=> C00378 + C00009
R02142,C00655 + C00013 <=> C00385 + C00119
R02144,C00019 + C00386 <=> C00021 + C01262
R02147,C00387 + C00009 <=> C00242 + C00620
R02161,C00390 + 2 C00125 <=> C00399 + 2 C00126 + 2 C00080
R02163,C00390 + C00003 <=> C00399 + C00004 + C00080
R02164,C15602 + C00042 <=> C15603 + C00122
R02184,C00002 + C00404 <=> C00008 + C00404
R02191,C00024 + C00405 <=> C00010 + C03135
R02199,C00407 + C00026 <=> C00671 + C00025
R02208,C03681 + C00006 <=> C00410 + C00005 + C00080
R02222,C00412 + 2 C00999 + C00007 + 2 C00080 <=> C00510 + 2 C00996 + 2 C00001
R02235,C00415 + C00003 <=> C00504 + C00004 + C00080
R02236,C00415 + C00006 <=> C00504 + C00005 + C00080
R02237,C00002 + C00921 + C00025 <=> C00008 + C00009 + C00415
R02239,C00416 + C00001 <=> C00641 + C00009
R02241,C00416 + C00010 <=> C00681 + C00040
R02245,C00002 + C00418 <=> C00008 + C01107
R02246,C00418 + C00003 <=> C00772 + C00004 + C00080
R02247,C00418 + C00006 <=> C00772 + C00005 + C00080
R02248,C03463 + C00001 <=> C00419 + C00009
R02250,C00422 + C00001 <=> C00641 + C00162
R02260,C00424 + C00006 <=> C00546 + C00005 + C00080
R02282,C00437 + C00025 <=> C00077 + C00624
R02283,C00437 + C00026 <=> C01250 + C00025
R02291,C00441 + C00009 + C00006 <=> C03082 + C00005 + C00080
R02294,C03150 + C00009 <=> C00153 + C00620
R02295,C05841 + C00009 <=> C00253 + C00620 + C00080
R02297,C01762 + C00009 <=> C00385 + C00620
R02300,C03479 <=> C00445 + C00001
R02301,C00002 + C03479 + C00080 <=> C00008 + C00009 + C00445
R02315,C00449 + C00006 + C00001 <=> C00025 + C04076 + C00005 + C00080
R02319,C00201 + C00001 <=> C00454 + C00009
R02320,C00201 + C00022 <=> C00454 + C00074
R02324,C00002 + C03150 <=> C00008 + C00455
R02326,C00002 + C00705 <=> C00008 + C00458
R02331,C00002 + C01346 <=> C00008 + C00460
R02333,C00461 + n C00001 <=> C00734 + n C00033
R02334,C00461 + C00001 <=> C01674 + C00461
R02335,C00043 + C00461 <=> C00015 + C00461
R02340,C03506 <=> C00463 + C00118
R02352,C00951 + C00003 <=> C00468 + C00004 + C00080
R02353,C00951 + C00006 <=> C00468 + C00005 + C00080
R02360,C00470 + C00001 <=> C02273 + C00470
R02364,2 C15602 + C00005 + C00080 <=> 2 C05309 + C00006
R02396,C00024 + C00487 <=> C00010 + C02571
R02401,C03273 + C00003 + C00001 <=> C00489 + C00004 + C00080
R02404,C00002 + C00490 + C00010 <=> C00008 + C00009 + C00531
R02405,C00044 + C00490 + C00010 <=> C00035 + C00009 + C00531
R02406,C00081 + C00490 + C00010 <=> C00104 + C00009 + C00531
R02408,C00491 + C00001 <=> C00022 + C00014 + C01962
R02410,C00492 + C00001 <=> C05402 + C00095
R02412,C00002 + C00493 <=> C00008 + C03175
R02413,C00493 + C00006 <=> C02637 + C00005 + C00080
R02418,C04090 + C00001 <=> C00496 + C00145
R02422,C00499 + C00001 <=> C00603 + C00086
R02425,C02350 + C00001 <=> C00499
R02433,C00506 + C00026 <=> C05528 + C00025
R02464,C01120 <=> C00346 + C00517
R02466,C00606 <=> C00519 + C00011
R02472,C00522 + C00006 <=> C00966 + C00005 + C00080
R02473,C00002 + C00522 + C00099 <=> C00020 + C00013 + C00864
R02480,C00524 <=> C02248 + C00032
R02485,C00881 + C00001 <=> C00526 + C00014
R02493,C00002 + C00534 <=> C00008 + C00647
R02497,C03917 + C00006 <=> C00535 + C00005 + C00080
R02508,C00542 + C00042 <=> C01118 + C00097
R02530,C03451 <=> C00051 + C00546
R02540,C02505 + C00001 <=> C07086 + C00014
R02541,C00550 + C00001 <=> C00195 + C00588
R02549,C00555 + C00003 + C00001 <=> C00334 + C00004 + C00080
R02557,C00559 + C00009 <=> C00147 + C00672
R02568,C01094 <=> C00111 + C00577
R02569,C00024 + C15973 <=> C00010 + C16255
R02570,C00091 + C15973 <=> C00010 + C16254
R02571,C00527 + C15973 <=> C00010 + C06157
R02584,C00002 + C00585 <=> C00008 + C01167
R02585,C01167 + C00001 <=> C00585 + C00009
R02587,C06369 + C00001 <=> C00586 + C00009
R02590,C00063 + C06459 <=> C00013 + C05674
R02610,C03238 + C00006 <=> C00599 + C00005 + C00080
R02617,C00605 + C00093 <=> C00010 + C00681
R02619,C00606 + C00026 <=> C05527 + C00025
R02627,C00019 + C00615 <=> C00021 + C04087
R02649,C00002 + C00624 <=> C00008 + C04133
R02654,C00043 + C01194 <=> C00015 + C01288
R02665,C00632 + C00007 <=> C04409
R02668,C03227 + C00001 <=> C00632 + C00041
R02670,2 C00632 + 4 C00007 <=> C05640 + 2 C00704 + 2 C00027 + 2 C00080
R02678,C00637 + C00003 + C00001 <=> C00954 + C00004 + C00080
R02687,C00641 + C00001 <=> C01885 + C00162
R02688,C00641 + C00001 <=> C02112 + C00162
R02700,C00643 + C00026 <=> C05646 + C00025
R02702,C00643 + C00007 <=> C05648
R02715,C00652 + C00007 <=> C06316 + C00027
R02720,C00700 + C00001 <=> C00655 + C00013
R02722,C00065 + C03506 <=> C00078 + C00118 + C00001
R02731,C00665 + C00001 <=> C05345 + C00009
R02732,C00002 + C05345 <=> C00008 + C00665
R02736,C01172 + C00006 <=> C01236 + C00005 + C00080
R02737,C00029 + C00668 <=> C00015 + C00689
R02739,C00668 <=> C01172
R02740,C00668 <=> C05345
R02744,C00670 + C00060 <=> C04233 + C00001
R02746,C04230 + C00001 <=> C00670 + C00162
R02747,C04233 + C00001 <=> C00670 + C00162
R02748,C05512 + C00009 <=> C00262 + C00672
R02750,C00673 + C00008 <=> C01801 + C00002
R02756,C00681 + C00006 <=> C03372 + C00005 + C00080
R02760,C00605 + C00681 <=> C00010 + C00416
R02767,C01271 + C00006 <=> C00685 + C00005 + C00080
R02768,C00173 + C01209 <=> C00685 + C00011 + C00229
R02778,C00689 + C00001 <=> C01083 + C00009
R02848,C00002 + C00738 <=> C00008 + C02965
R02849,C00081 + C00738 <=> C00104 + C02965
R02850,C00131 + C00738 <=> C00206 + C02965
R02853,C02532 + C00001 <=> C00740 + C00009
R02855,C00810 + C00003 <=> C00741 + C00004 + C00080
R02864,C00748 + 2 C00080 <=> C14818 + C05778
R02865,C00002 + C00794 <=> C00008 + C01096
R02867,C00081 + C00794 <=> C00104 + C01096
R02868,C00131 + C00794 <=> C00206 + C01096
R02869,C01137 + C00315 <=> C00170 + C00750
R02872,C03428 + C00005 + C00080 <=> C00013 + C00751 + C00006
R02874,C00751 + C00007 + C03024 <=> C01054 + C03161 + C00001
R02878,C00756 + C00003 <=> C01545 + C00004 + C00080
R02884,C00002 + C00759 <=> C00008 + C01022
R02892,C03588 + C00006 <=> C00762 + C00005 + C00080
R02909,C00780 + C00007 <=> C05647
R02917,C00019 + C01977 <=> C00021 + C04545
R02918,C00002 + C00082 + C00787 <=> C00020 + C00013 + C02839
R02922,C00791 + C00001 <=> C02565 + C00014
R02940,C05985 + C00003 + C00001 <=> C00804 + C00004 + C00080
R02946,C03044 + C00003 <=> C00810 + C00004 + C00080
R02952,C00811 <=> C05627 + C00011
R02953,C02749 + C00001 <=> C00812 + C00014 + C00022
R02957,C02670 + C00003 + 2 C00001 <=> C00818 + C00004 + C00080
R02964,C00828 + C00080 + C00004 <=> C05819 + C00003
R02971,C00002 + C00831 <=> C00008 + C01134
R02976,C00002 + C00836 <=> C00008 + C01120
R02978,C00836 + C00006 <=> C02934 + C00005 + C00080
R02984,C00842 <=> C02097
R03004,C00857 + C00001 <=> C00020 + C01185
R03005,C00002 + C01185 <=> C00013 + C00857
R03012,C00860 + C00003 <=> C01929 + C00004 + C00080
R03013,C01100 + C00001 <=> C00860 + C00009
R03018,C00002 + C00864 <=> C00008 + C03492
R03020,C00868 <=> C02764
R03024,C03360 + C00001 <=> C00870 + C00009
R03035,C00002 + C01134 <=> C00013 + C00882
R03038,C00002 + C00041 + C01635 <=> C00020 + C00013 + C00886
R03042,C00404(n) + C00001 <=> C00404(n-1) + C00009
R03050,C00900 + C00068 <=> C05125 + C00022
R03051,C00900 + C00005 + C00080 <=> C04039 + C00006
R03057,C00909 + C00001 <=> C02165
R03066,C01300 + C00568 <=> C00921 + C00001
R03067,C04807 + C00568 <=> C00013 + C00921
R03083,C04691 <=> C00944 + C00009
R03084,C00944 <=> C02637 + C00001
R03093,C02938 + 2 C00001 <=> C00954 + C00014
R03096,C02693 + C00001 <=> C00954 + C00014
R03098,C00956 + C00002 <=> C05560 + C00013
R03105,C00957 + C00342 <=> C00283 + C00022 + C00343
R03107,C00958 + C00001 <=> C04517 + C00162
R03115,C00965 + C00001 <=> C00965 + C00267
R03118,C00029 + C00965 <=> C00015 + C00965
R03120,C01021 + C00026 <=> C00972 + C00025
R03158,C01013 + C00010 <=> C05668 + C00001
R03165,C01024 <=> C01051 + C00001
R03180,C03078 + C00001 <=> C01035 + C00014
R03182,C00002 + C01037 + C00011 <=> C00008 + C00009 + C01909
R03194,2 C00019 + C01051 <=> 2 C00021 + C02463
R03197,C01051 <=> C03263 + 4 C00011
R03199,C01054 <=> C01724
R03217,C01077 + C00097 <=> C02291 + C00033
R03220,C03263 + C00007 <=> C01079 + 2 C00011 + 2 C00001
R03222,C01079 + 3 C00007 <=> C02191 + 3 C00027
R03223,C04752 + C04327 <=> C00013 + C01081
R03231,C00019 + C01092 <=> C04425 + C01037
R03236,C01097 + C00002 <=> C03785 + C00008
R03237,C00063 + C01097 <=> C00112 + C03785
R03238,C00075 + C01097 <=> C00015 + C03785
R03239,C00081 + C01097 <=> C00104 + C03785
R03243,C01100 + C00026 <=> C01267 + C00025
R03245,C00002 + C01107 <=> C00008 + C01143
R03259,C04212 + C00001 <=> C01117
R03260,C01118 + C00097 <=> C02291 + C00042
R03269,C04352 <=> C01134 + C00011
R03270,C05125 + C15972 <=> C16255 + C00068
R03283,C01149 + C00003 + C00001 <=> C01181 + C00004 + C00080
R03291,C01157 + C00003 <=> C04281 + C00004 + C00080
R03293,C01157 + C00006 <=> C04281 + C00005 + C00080
R03313,C01165 + C00009 + C00006 <=> C03287 + C00005 + C00080
R03316,C05381 + C15972 <=> C16254 + C00068
R03319,C01171 <=> C03735
R03321,C01172 <=> C05345
R03330,C04062 + C00001 <=> C01177 + C00009
R03332,C01194 + C00001 <=> C01177 + C00641
R03347,C01185 + C00008 <=> C05841 + C00002
R03348,C01185 + C00013 + C00011 <=> C03722 + C00119
R03352,C04047 + C00001 <=> C01188 + C00010
R03357,C04036 + C00006 <=> C01192 + C00005 + C00080
R03361,C00002 + C01194 <=> C00008 + C01277
R03362,C00002 + C01194 <=> C00008 + C04549
R03363,C04549 + C00001 <=> C01194 + C00009
R03367,C01197 <=> C06224 + C00011
R03409,C04494 + C00001 <=> C01228 + C00009
R03416,C04438 + C00001 <=> C00162 + C01233
R03417,C05973 + C00001 <=> C00162 + C01233
R03422,C01240 + C00001 <=> C03418
R03424,C00019 + C01241 <=> C00021 + C04308
R03425,C00037 + C02051 <=> C01242 + C00011
R03435,C04637 + C00001 <=> C01245 + C00641
R03438,C00040 + C04317 <=> C00010 + C05212
R03443,C01250 + C00009 + C00006 <=> C04133 + C00005 + C00080
R03445,C01252 <=> C01717 + C00001
R03449,C00002 + C01256 <=> C00008 + C01293
R03450,C01293 + C00001 <=> C01256 + C00009
R03457,C04666 <=> C01267 + C00001
R03460,C00074 + C03175 <=> C00009 + C01269
R03469,C00002 + C01277 <=> C00008 + C04637
R03471,C00002 + C01279 <=> C00008 + C04556
R03478,C00002 + C04477 <=> C00008 + C01284
R03482,C01288 + C00001 <=> C04248 + C00033
R03503,C00002 + C01300 <=> C00020 + C04807
R03504,C04874 <=> C00266 + C01300
R03508,C01302 <=> C03506 + C00011 + C00001
R03509,C04302 <=> C01302
R03522,C01322 + C00051 <=> C00462 + C02320
R03528,C02882 + C00001 <=> C01336 + C00014 + C00022
R03530,C00002 + C01344 <=> C00008 + C01345
R03531,C01345 + C00001 <=> C06196 + C00013
R03542,C05714 + 2 C00001 <=> C01401 + C00014
R03552,C00024 + C02415 <=> C00010 + C01997
R03596,C01528 + 3 C00006 + 3 C00001 <=> C05684 + 3 C00005 + 5 C00080
R03601,C00979 + C01528 <=> C05688 + C00033
R03613,C00002 + C01573 + C00014 + C00080 <=> C00020 + C00013 + C02872
R03628,C01598 + C00007 <=> C05642
R03632,C00002 + C01609 <=> C00008 + C02729
R03635,C01613 + C00001 <=> C05404 + C00095
R03643,C01628 + C00004 + C00080 <=> C05850 + C00003
R03646,C00002 + C00062 + C01636 <=> C00020 + C00013 + C02163
R03648,C00002 + C00152 + C01637 <=> C00020 + C00013 + C03402
R03650,C00002 + C00097 + C01639 <=> C00020 + C00013 + C03125
R03652,C00002 + C00064 + C01640 <=> C00020 + C00013 + C02282
R03654,C00002 + C00037 + C01642 <=> C00020 + C00013 + C02412
R03655,C00002 + C00135 + C01643 <=> C00020 + C00013 + C02988
R03656,C00002 + C00407 + C01644 <=> C00020 + C00013 + C03127
R03657,C00002 + C00123 + C01645 <=> C00020 + C00013 + C02047
R03658,C00002 + C00047 + C01646 <=> C00020 + C00013 + C01931
R03659,C00002 + C00073 + C01647 <=> C00020 + C00013 + C02430
R03660,C00002 + C00079 + C01648 <=> C00020 + C00013 + C03511
R03661,C00002 + C00148 + C01649 <=> C00020 + C00013 + C02702
R03662,C00002 + C00065 + C01650 <=> C00020 + C00013 + C02553
R03663,C00002 + C00188 + C01651 <=> C00020 + C00013 + C02992
R03664,C00002 + C00078 + C01652 <=> C00020 + C00013 + C03512
R03665,C00002 + C00183 + C01653 <=> C00020 + C00013 + C02554
R03681,C00029 + C01702 <=> C00015 + C02687
R03755,C00040 + C01885 <=> C00010 + C00641
R03756,C00605 + C01885 <=> C00010 + C00641
R03758,C01888 + C00011 <=> C03508
R03776,C01944 + C00006 <=> C05276 + C00005 + C00080
R03777,C01944 + C00016 <=> C05276 + C01352
R03778,C01944 + C00024 <=> C00010 + C05265
R03804,C04131 + C00001 <=> C02028 + C00014
R03805,C00019 + C02031 + C00080 <=> C00021 + C02339
R03815,C02972 + C00003 <=> C02051 + C00004 + C00080
R03816,C02059 + C00004 + C00080 <=> C03313 + C00003
R03828,C00044 + C02100 <=> C00013 + C02031
R03838,C00605 + C02112 <=> C00010 + C00641
R03840,C00002 + C02374 <=> C00008 + C02128
R03856,C01832 + C00006 <=> C03221 + C00005 + C00080
R03857,C01832 + C00016 <=> C03221 + C01352
R03858,C01832 + C00024 <=> C00010 + C05261
R03862,C02163 + C00017 <=> C01636 + C16739
R03867,C02166 + C00045 <=> C05951 + C03363
R03869,C06002 + C00003 + C00001 <=> C02170 + C00004 + C00080
R03875,C02188 + C00019 <=> C05544 + C00021
R03893,C04431 + C00001 <=> C02222
R03899,C02567 + C00007 + C00001 <=> C00315 + C18170 + C00027
R03903,C00024 + C02265 <=> C00010 + C05620
R03905,C02282 + C00025 + C00009 + C00008 <=> C06112 + C00064 + C00002 + C00001
R03909,C03620 + C00001 <=> C00060 + C00014
R03916,C02320 + C00001 <=> C05729 + C00025
R03920,C00002 + C02336 <=> C00008 + C05345
R03921,C16688 + C00001 <=> C00095 + C00092
R03936,C02700 + C00001 <=> C05653 + C00041
R03940,C02430 + C00234 <=> C00101 + C03294
R03947,C02463 + C00003 <=> C05778 + C00004 + C00080
R03950,2 C00019 + C02469 <=> 2 C00021 + C05778
R03954,C02470 + C00001 <=> C05645
R03968,C02504 <=> C02631 + C00001
R03970,C02512 + C00025 <=> C05711 + C00001
R03971,C05670 + C00025 <=> C06114 + C00001
R03989,C02593 + C00006 <=> C05273 + C00005 + C00080
R03990,C02593 + C00016 <=> C05273 + C01352
R03991,C02593 + C00024 <=> C00010 + C05259
R03992,C02593 + C02038 <=> C00010 + C03881
R04001,C04411 <=> C02631 + C00001
R04035,C02739 + C00001 <=> C02741 + C00013
R04037,C02741 + C00001 <=> C04896
R04058,C02986 <=> C02805 + C00014
R04065,C05130 + C00003 + C00001 <=> C02835 + C00004 + C00080
R04072,C03862 + C02189 <=> C00110 + C02863
R04090,C03899 + C00001 <=> C00051 + C02929
R04100,C02944 <=> C03221
R04120,C03023 + C00343 + C00001 <=> C03895 + C00342
R04125,C01242 + C00101 <=> C02972 + C00143 + C00014
R04144,C00002 + C03090 + C00037 <=> C00008 + C00009 + C03838
R04145,C00019 + C03105 <=> C00021 + C04061
R04149,C04195 + C00001 <=> C00416 + C03121
R04159,C03193 + C00045 <=> C00012 + C03363
R04162,C05977 + C00001 <=> C03201 + C00009
R04171,C03227 + C00026 <=> C05645 + C00025
R04173,C01005 + C00026 <=> C03232 + C00025
R04178,C03263 + 3 C00007 <=> C05770 + 3 C00027
R04188,C03284 + C00026 <=> C06002 + C00025
R04206,C03356 <=> C04309 + C00001
R04208,C00002 + C04640 <=> C00008 + C00009 + C03373
R04209,C04751 <=> C03373 + C00011
R04212,C03402 + C00025 + C00009 + C00008 <=> C06113 + C00064 + C00002 + C00001
R04216,C04213 + C03021 <=> C00621 + C11572
R04230,C00002 + C03492 + C00097 <=> C00020 + C00013 + C04352
R04238,C03880 + C00001 <=> C03523 + C00066
R04241,C00002 + C03541(n) + C00025 <=> C00008 + C00009 + C03541(n+1)
R04247,C00063 + C03557 <=> C00013 + C05673
R04273,C03798 <=> C03633
R04294,C04232 + C00343 + C00001 <=> C03723 + C00342
R04314,C04250 + C02743 <=> C03800 + C11475
R04321,C00307 + C03820 <=> C00055 + C04598
R04325,C00234 + C03838 <=> C00101 + C04376
R04326,C03838 + C00445 + C00001 <=> C04376 + C00101
R04328,C01189 + C00011 + 4 C00001 + 3 C00006 <=> C05111 + 3 C00007 + 3 C00005 + 3 C00080
R04355,C03939 + C01209 <=> C05744 + C00011 + C00229
R04358,C00002 + C03959 <=> C00008 + C04395
R04360,C03968 + C00006 <=> C03715 + C00005 + C00080
R04368,C04696 + C00001 <=> C03998 + C16669
R04371,C05662 <=> C04002 + C00001
R04378,C04677 + C00013 <=> C04051 + C00119
R04385,C00002 + C06250 + C00288 <=> C00008 + C00009 + C04419
R04386,C00024 + C04419 <=> C00083 + C06250
R04390,C05535 + C00005 + C00080 <=> C04076 + C11482 + C00006
R04391,C00002 + C04079 <=> C00008 + C04352
R04404,C04637 + C00001 <=> C01277 + C00009
R04405,C04489 + C00155 <=> C04144 + C00073
R04420,C04188 <=> C04582
R04424,C02225 <=> C04225 + C00001
R04426,C04411 + C00003 <=> C04236 + C00004 + C00080
R04427,C00019 + C05437 <=> C00021 + C04525
R04428,C04618 <=> C04246 + C00001
R04430,C05745 + C00006 <=> C04246 + C00005 + C00080
R04433,C04570 + C00399 <=> C04253 + C00390
R04437,C07282 + C00030 + C00007 <=> C04679 + C00028 + C00001
R04439,C04272 + C00006 <=> C06010 + C00005 + C00080
R04440,C04272 + C00006 <=> C04181 + C00005 + C00080
R04441,C04272 <=> C00141 + C00001
R04444,C04281 + C00003 + 2 C00001 <=> C05947 + C00004 + C00080
R04445,C04281 + C00006 + 2 C00001 <=> C05947 + C00005 + C00080
R04448,C00002 + C04294 <=> C00008 + C04327
R04457,C04732 + C15556 <=> C04332 + 2 C00001 + C00009
R04463,C00002 + C04376 + C00064 + C00001 <=> C00008 + C00009 + C04640 + C00025
R04480,C00350 + C00010 <=> C04438 + C00040
R04483,C04840 + C00003 <=> C04453 + C00011 + C00004 + C00080
R04494,C00043 + C04500 <=> C00015 + C04537
R04496,C00019 + C04506 <=> C00021 + C04748
R04501,C04530 + 2 C00999 + C00007 + 2 C00080 <=> C04814 + 2 C00996 + C00001
R04502,C00096 + C04537 <=> C00035 + C05860
R04506,C05445 + C00003 + C00001 <=> C04554 + C00004 + C00080
R04509,C00002 + C04556 <=> C00008 + C04752
R04513,C05981 + C00001 <=> C04637 + C00009
R04533,C04618 + C00006 <=> C05744 + C00005 + C00080
R04534,C04619 + C00006 <=> C05753 + C00005
R04535,C04619 <=> C05754 + C00001
R04536,C04620 + C00006 <=> C05750 + C00005 + C00080
R04537,C04620 <=> C05751 + C00001
R04543,C04633 + C00006 <=> C05762 + C00005 + C00080
R04544,C04633 <=> C05763 + C00001
R04558,C04916 + C00064 <=> C04666 + C04677 + C00025
R04559,C04823 <=> C00122 + C04677
R04560,C00234 + C04677 <=> C00101 + C04734
R04562,C00002 + C00120 + C04735 <=> C00020 + C00013 + C04681
R04563,C00002 + C00120 + C04736 <=> C00020 + C00013 + C04682
R04566,C04688 + C00006 <=> C05759 + C00005 + C00080
R04568,C04688 <=> C05760 + C00001
R04582,C00002 + C00120 + C04763 <=> C00020 + C00013 + C04727
R04591,C00002 + C04751 + C00049 <=> C00008 + C00009 + C04823
R04604,C00002 + C00120 + C04827 <=> C00020 + C00013 + C04801
R04620,C04895 + 3 C00001 <=> C04874 + 3 C00009
R04639,C04895 + C00001 <=> C06148
R04640,C04896 <=> C04916
R04672,C06010 + C00068 <=> C05125 + C00022
R04673,C00109 + C05125 <=> C06006 + C00068
R04681,C05141 + C00003 <=> C05300 + C00004 + C00080
R04682,C05141 + C00006 <=> C05300 + C00005 + C00080
R04711,C00019 + C05200 <=> C00021 + C05313 + C00080
R04725,C05223 + C00006 <=> C05758 + C00005 + C00080
R04726,C05223 + C01209 <=> C05759 + C00011 + C00229
R04730,C00002 + C05234 + C00082 <=> C01392 + C00008 + C00009
R04734,C15522 <=> C00268 + C00001
R04742,C05274 + C00024 <=> C00010 + C05263
R04747,C05270 + C00024 <=> C00010 + C05267
R04751,C05270 + C00016 <=> C05271 + C01352
R04753,C05274 + C00006 <=> C05275 + C00005 + C00080
R04754,C05274 + C00016 <=> C05275 + C01352
R04756,C05280 <=> C05279
R04770,C05335 + C00001 <=> C05703 + C00014 + C00109
R04771,C00002 + C05335 + C00001 <=> C00009 + C00013 + C05691
R04773,C00002 + C05335 + C01647 <=> C00020 + C00013 + C05336
R04779,C00002 + C05345 <=> C00008 + C05378
R04780,C05378 + C00001 <=> C05345 + C00009
R04805,C05444 + C00003 <=> C05445 + C00004 + C00080
R04859,C00979 + C00320 + C00342 + C00080 <=> C00097 + C00094 + C00343 + C00033
R04862,C05662 + C00003 <=> C05533 + C00004 + C00080
R04863,C05560 + C11482 <=> C05535 + C00020
R04866,C00019 + C05544 <=> C00021 + C05545
R04867,C00019 + C05545 <=> C00021 + C05546
R04880,C05576 + C00003 <=> C05577 + C00004 + C00080
R04903,C05634 + C00003 + C00001 <=> C05635 + C00080 + C00004
R04911,C05648 + C00001 <=> C05651 + C00058
R04920,C05673 + C00641 <=> C00055 + C05675
R04922,C05674 + C00641 <=> C00055 + C05676
R04928,C00002 + C05686 <=> C00008 + C05696
R04929,C00002 + C05697 <=> C00013 + C05686
R04930,C05699 + C00001 <=> C05688 + C00014 + C00109
R04935,C03193 + C05689 <=> C00012 + C05695
R04941,C05699 + C00001 <=> C05698 + C00014 + C00022
R04942,C00065 + C05698 <=> C05699 + C00001
R04944,C05702 + C05688 <=> C05699 + C00009
R04945,C01077 + C05688 <=> C05699 + C00033
R04946,C01118 + C05688 <=> C05699 + C00042
R04952,C05745 + C01209 <=> C05746 + C00011 + C00229
R04953,C05747 + C00006 <=> C05746 + C00005 + C00080
R04954,C05747 <=> C05748 + C00001
R04956,C05749 + C00006 <=> C05748 + C00005 + C00080
R04957,C05749 + C01209 <=> C05750 + C00011 + C00229
R04959,C05752 + C00006 <=> C05751 + C00005 + C00080
R04960,C05752 + C01209 <=> C05753 + C00011 + C00229
R04962,C05755 + C00006 <=> C05754 + C00005 + C00080
R04963,C05755 + C01209 <=> C05756 + C00011 + C00229
R04964,C05757 + C00006 <=> C05756 + C00005 + C00080
R04965,C05757 <=> C05758 + C00001
R04967,C05761 + C00006 <=> C05760 + C00005 + C00080
R04968,C05761 + C01209 <=> C05762 + C00011 + C00229
R04970,C05764 + C00006 <=> C05763 + C00005 + C00080
R04972,C05766 <=> C05768 + 4 C00011
R05000,C05847 + C00156 <=> C05848 + C00013
R05002,C00096 + C05860 <=> C00035 + C05861
R05046,C05922 + C00001 <=> C05923 + C00058
R05048,C05923 <=> C06148
R05050,C05936 + C00003 + C00001 <=> C02946 + C00004 + C00080
R05051,C05947 + C00004 + C00080 <=> C05938 + C00003 + C00001
R05052,C05947 + C00026 <=> C05946 + C00025
R05064,C06000 + C00001 <=> C00010 + C06001
R05068,C06007 + C00006 <=> C14463 + C00005 + C00080
R05069,C06006 <=> C14463
R05070,C06007 <=> C00671 + C00001
R05071,C06010 <=> C04181
R05085,C06055 + C00026 <=> C06054 + C00025
R05086,C06055 + C00001 <=> C06056 + C00009
R05102,C06109 + C00005 <=> C06110 + C00006 + C00080
R05145,C05921 + C06249 <=> C00020 + C06250
R05190,C00024 + n C00083 + 2n C00005 + 4n C00080 <=> C02843 + n C00010 + n C00011 + 2n C00006 + n C00001
R05196,C00718 + n C00031 <=> n C00208
R05197,n-1 C00002 + C05928 + n-1 C00025 <=> n-1 C00008 + n-1 C00009 + C05929
R05202,C01204 + C00008 <=> C01284 + C00002
R05209,C00165 + C00001 <=> C01885 + C00060
R05231,C06103 + C00006 <=> C06102 + C00005 + C00080
R05233,C06611 + C00003 <=> C06613 + C00004 + C00080
R05234,C06612 + C00003 <=> C16348 + C00004 + C00080
R05237,C06613 + C00001 <=> C06614 + 2 C00080
R05238,C16348 + C00001 <=> C06615 + 2 C00080
R05286,C06754 + C00003 + C00001 <=> C06755 + C00004 + C00080
R05329,C07281 + C00315 <=> C07282 + C00986
R05333,C00865 + C00641 <=> C06254 + C00422
R05506,C07118 + C00010 <=> C00512 + C00024
R05510,C07090 + C00001 <=> C07091
R05511,C04706 + C00001 <=> C06329
R05551,C00511 + C00014 <=> C01659 + C00001
R05552,C00251 + C00014 <=> C11355 + C00001
R05553,C11355 <=> C00568 + C00022
R05556,C00448 + n C00129 <=> C05859 + n C00013
R05577,C01638 + C00049 + C00002 <=> C02984 + C00013 + C00020
R05578,C01641 + C00025 + C00002 <=> C02987 + C00013 + C00020
R05586,C06715 + C00010 <=> C00527 + C00024
R05590,C09815 + C00001 <=> C00180 + C00014
R05591,C09814 + 2 C00001 <=> C00180 + C00014
R05615,C04146 + C00156 <=> C05809 + C00013
R05616,C01230 + C00156 <=> C13425 + C00013
R05639,C05108 + C00006 <=> C11455 + C00005 + C00080
R05640,C01724 + 3 C03024 + 3 C00007 <=> C11455 + C00058 + 3 C03161 + 4 C00001
R05641,C01694 + C00006 <=> C05440 + C00005 + C00080
R05691,C08825 + C00006 <=> C04453 + C00005 + C00080
R05724,2 C00533 + 2 C00007 + C00004 + C00080 <=> 2 C00244 + C00003
R05725,2 C00533 + 2 C00007 + C00005 + C00080 <=> 2 C00244 + C00006
R05731,C01943 + 3 C03024 + 3 C00007 <=> C11508 + C00058 + 3 C03161 + 4 C00001
R05733,C04814 + 2 C00999 + C00007 + 2 C00080 <=> C11509 + 2 C00996 + 2 C00001
R05734,C11509 + 2 C00999 + C00007 + 2 C00080 <=> C04840 + 2 C00996 + C00001
R05758,C11511 <=> C00036 + C00014
R05764,C00019 + C02341 <=> C00021 + C11515
R05777,C11524 + C00001 <=> C11525 + C00009
R05779,C11526 + C00001 <=> C01204 + C00009
R05799,C00002 + C01204 <=> C00008 + C11174
R05800,C00002 + C01245 <=> C00008 + C11555
R05801,C00002 + C11555 <=> C00008 + C01284
R05802,C00002 + C04549 <=> C00008 + C11556
R05916,G10610 + C01194 <=> G10619 + G00143
R05917,G00143 + C00001 <=> G00144 + C00033
R05969,C00043 + C00110 <=> C00105 + G00001
R05970,G10610 + G00001 <=> G10619 + G00002
R05972,G10614 + G00002 <=> G10620 + G00003
R05973,G10614 + G00003 <=> G10620 + G00004
R05976,C03021 + G00008 <=> C00621 + G00009
R05979,C00001 + G00009 <=> C00221 + G00171
R05980,C00001 + G00171 <=> C00031 + G00010
R05981,C00001 + G00010 <=> C00031 + G00011
R06020,G10477(n) + G10608 <=> G10477(n+1) + G10619
R06028,G10483(n) + G10610 <=> G10483(n+1) + G10619
R06043,G10608 + C00092 <=> G10619 + G09795
R06050,G10495(n) + C00009 <=> G10495(n-1) + C00103
R06051,G10495(n) + G10608 <=> G10495(n+1) + G10619
R06069,G10495 + n C00031 <=> n G00275
R06078,G10477(n+1) + C00001 <=> G10477(n) + C00267
R06080,G01318 + C00001 <=> C00267 + C00031
R06081,G10483(n+1) + C00001 <=> C00140 + G10483(n)
R06082,G10483(n+2) + C00001 <=> C01674 + G10483(n)
R06088,G00370 + C00001 <=> C02336 + C00267
R06100,G00249 + C00001 <=> G01275 + C00095
R06101,G00278 + C00001 <=> G00501 + C00095
R06102,G10508 + C00001 <=> C02336 + C00668
R06103,G00293 + C00001 <=> 2 C00031
R06127,G00005 + G10614 <=> G10526 + G10620
R06128,G10526 + G10614 <=> G00006 + G10620
R06131,C05167 <=> C00161 + C00014
R06134,C00241 + C00001 <=> C00060 + C00014
R06158,G10545 + C00001 <=> G10495 + C00267
R06171,C05519 <=> C00037 + C00084
R06185,G10545 + C00009 <=> G10495 + C00103
R06186,G10495 <=> G10545
R06199,G10545(n+1) + C00001 <=> C00267 + G10545(n)
R06201,G10506(n+1) + C00001 <=> C00333 + G10506(n)
R06223,2 C00448 + C00005 + C00080 <=> C00751 + 2 C00013 + C00006
R06226,G10608 + C00668 <=> G10619 + G09795
R06228,G09795 + C00001 <=> G00293 + C00009
R06238,G10614 + G00004 <=> G10620 + G00005
R06239,G10506(n+2) + C00001 <=> G02614 + G10506(n)
R06241,G10483 + n C00001 <=> G10536 + n C00033
R06258,G10617 + G00006 <=> G10622 + G10595
R06259,G10617 + G10595 <=> G10622 + G10596
R06260,G10617 + G10596 <=> G10622 + G10597
R06261,G10617 + G10597 <=> G10622 + G00007
R06262,G10618 + G00007 <=> G10622 + G10598
R06263,G10618 + G10598 <=> G10622 + G10599
R06264,G10618 + G10599 <=> G10622 + G00008
R06364,C00570 + C03201 <=> C00055 + C04475
R06366,C02576 + C00001 + C00003 <=> C11924 + C00004 + C00080
R06516,C06124 <=> C00346 + C06123
R06517,C00040 + C00836 <=> C00010 + C12126
R06520,C01120 + C00001 <=> C00836 + C00009
R06521,C06124 + C00001 <=> C00319 + C00009
R06522,C02960 + C00001 <=> C00195 + C00009
R06525,C00836 + 2 C00999 + C00007 + 2 C00080 <=> C12144 + 2 C00996 + C00001
R06526,C12126 + 2 C00999 + C00007 + 2 C00080 <=> C12145 + 2 C00996 + C00001
R06527,C12146 + C12144 <=> C00010 + C12145
R06590,C12214 + C00117 <=> C12215 + C05382
R06623,G00144 + C00001 <=> G12396 + C00416
R06722,C00001 + G00011 <=> C00159 + G10694
R06835,C12834 + C00001 <=> C12835
R06838,C12838 + C00001 <=> C02222
R06861,C00231 + C00068 <=> C13378 + C00118
R06863,C05382 + C00068 <=> C13378 + C00117
R06866,C05313 <=> C05802 + C00011
R06875,C11554 + C00001 <=> C01277 + C00009
R06917,C14089 + C00003 <=> C14090 + C00004 + C00080
R06927,C02909 + C00003 <=> C14099 + C00004 + C00080
R06983,C14180 + C00003 <=> C01031 + C00004 + C00080
R06985,C05271 + C00005 + C00080 <=> C05270 + C00006
R06986,G10614 + G00011 <=> G10620 + G10694
R07002,C14786 + C00051 <=> C14791
R07003,C14787 + C00051 <=> C14793
R07004,C14787 + C00051 <=> C14792
R07023,C14802 + C00051 <=> C14803
R07024,C14802 + C00051 <=> C14804
R07025,C14800 + C00051 <=> C14805
R07026,C14800 + C00051 <=> C14806
R07064,C00157 + C00001 <=> C04230 + C01595
R07069,C14839 + C00051 <=> C14847
R07070,C14840 + C00051 <=> C14848
R07083,C14851 + C00051 <=> C14855
R07084,C14852 + C00051 <=> C14856 + C00001
R07091,C14858 + C00051 <=> C14861
R07092,C14857 + C00051 <=> C14865 + C01327
R07093,C14859 + C00051 <=> C14864 + C01327
R07094,C14865 + C00051 <=> C14863 + C01327
R07100,C06790 + C00051 <=> C14868 + C01327
R07105,C06899 + C00004 + C00080 <=> C07490 + C00003 + C00001
R07113,C11088 + C00051 + C00080 <=> C14874 + 2 C13645
R07116,C14870 + C00051 <=> C14871 + C13645
R07136,C11537 + C00003 <=> C05528 + C00004 + C00080
R07140,C14180 + C00006 <=> C01031 + C00005 + C00080
R07145,C01507 + C00003 <=> C00247 + C00004 + C00080
R07149,C04840 + C00006 <=> C04453 + C00011 + C00005 + C00080
R07162,C00040 + C00006 <=> C00658 + C00005 + C00080
R07176,C00020 + C00094 + C00343 <=> C00224 + C00342
R07215,C01189 + 2 C00999 + C00007 + 2 C00080 <=> C01164 + 2 C00996 + 2 C00001
R07237,C00019 + C01051 <=> C00021 + C15527
R07238,C00019 + C15527 <=> C00021 + C02463
R07273,C04145 + C00156 <=> C00013 + C03885
R07274,C01005 + C00283 <=> C00097 + C00009
R07281,C00199 <=> C15556 + C00058
R07291,C04230 + C00001 <=> C00670 + C00060
R07298,C00623 + C00001 <=> C00116 + C00009
R07324,C00092 <=> C04006
R07328,C00069 + C00006 <=> C00071 + C00005 + C00080
R07343,C15585 + C00001 <=> C00137 + C00009
R07358,C00004 + C00080 + C15602 <=> C00003 + C15603
R07359,C00005 + C00080 + C15602 <=> C00006 + C15603
R07362,C00525 + C00007 <=> C15605
R07363,C15606 + C00007 <=> C08276 + C00058 + C00237
R07364,C15606 + C00007 <=> C01180 + C00058
R07379,C04756 + C00001 <=> C04635 + C00060
R07384,C04756 + C00055 <=> C03454 + C00570
R07385,C04756 + C00001 <=> C15647 + C00189
R07387,C05212 + C00001 <=> C04317 + C00060
R07389,C03201 + C00307 <=> C05212 + C00055
R07392,C04582 <=> C15650 + C00001
R07393,C15650 <=> C15651
R07394,C15651 + C00001 <=> C15606 + C00009
R07395,C15650 + C00001 <=> C15606 + C00009
R07396,C01180 + C00025 <=> C00073 + C00026
R07398,C04248 + C00001 <=> C15658 + C00416
R07411,C00032 + C00001 + C00448 <=> C15672 + C00013
R07412,C15672 + C00001 + 2 C00028 <=> C15670 + 2 C00030
R07429,C15785 + C00005 + C00080 <=> C15786 + C00006
R07447,C15796 + C00005 + C00080 <=> C15797 + C00006
R07456,C00118 + C00199 + C00064 <=> C00018 + C00025 + C00009 + 3 C00001
R07459,C15810 + C00002 <=> C15813 + C00013
R07460,C15811 + C00097 <=> C15812 + C00041
R07461,C15812 + C15813 + C00030 <=> C00020 + C15814 + C15811 + C00028
R07477,C00315 + C00003 <=> C15853 + C00004 + C00080
R07478,C15854 + C00004 + C00080 <=> C07282 + C00003
R07479,C15853 + C07281 <=> C15854 + C00986
R07480,C15854 + C07281 <=> C15854 + C07281
R07481,C01902 + C00019 <=> C08830 + C00021
R07483,C11508 + C00005 + C00080 <=> C15776 + C00006
R07486,C15782 + 2 C00999 + C00007 + 2 C00080 <=> C15783 + 2 C00996 + 2 C00001
R07489,C01753 + C00005 + C00080 + C00007 <=> C05442 + C00006 + 2 C00001
R07491,C15777 + 2 C00999 + C00007 + 2 C00080 <=> C15780 + 2 C00996 + 2 C00001
R07494,C15808 + C00006 <=> C15816 + C00005 + C00080 + C00011
R07495,C15816 + C00005 + C00080 <=> C05103 + C00006
R07506,C15780 + C00005 + C00080 + C00007 <=> C05440 + C00006 + 2 C00001
R07509,C05108 + 6 C00999 + 3 C00007 + 6 C00080 <=> C15808 + 6 C00996 + 4 C00001
R07606,C00073 + C00343 + C00001 <=> C15999 + C00342
R07607,C03023 + C00343 + C00001 <=> C15653 + C00342
R07608,C00073 + C00343 + C00001 <=> C15998 + C00342
R07618,C15973 + C00003 <=> C15972 + C00004 + C00080
R07620,G10617 + C02189 <=> G10622 + G13027
R07636,C00016 <=> C00020 + C16071
R07640,C00002 + C00046(n) + C00046(m) <=> C00020 + C00013 + C00046(n+m)
R07641,2 C00002 + C00288 + C00014 <=> 2 C00008 + C00009 + C00169
R07758,C00083 + C00154 <=> C16216 + C00010 + C00011
R07759,C16216 + C00005 + C00080 <=> C16217 + C00006
R07760,C16217 <=> C16218 + C00001
R07761,C16218 + C00005 + C00080 <=> C00412 + C00006
R07762,C05764 + C01209 <=> C16219 + C00229 + C00011
R07763,C16219 + C00005 + C00080 <=> C16220 + C00006
R07766,C05752 + C16240 <=> C16236 + C00229
R07767,C16236 + C22154 + 2 C00019 + 2 C22150 + 8 C00080 <=> C16832 + C22155 + 2 C00283 + 4 C14818 + 2 C00073 + 2 C05198 + 2 C22151
R07769,C16239 + C16240 <=> C16237 + C00229
R07855,C16074 + 2 C00001 <=> C07086 + C00014
R07859,C00157 + C00001 <=> C04230 + C06427
R07888,C16327 + C00016 <=> C16328 + C01352
R07891,C16331 + C00024 <=> C00010 + C16330
R07892,C16331 + C00016 <=> C16332 + C01352
R07895,C16335 + C00024 <=> C00010 + C16334
R07896,C16335 + C00016 <=> C16336 + C01352
R07899,C16339 + C00024 <=> C00010 + C16338
R07934,C16168 + C00007 <=> C16374 + C00027
R07937,C16169 + C00024 <=> C00010 + C16376
R07950,C16172 + C00007 <=> C16387 + C00027
R07953,C16173 + C00024 <=> C00010 + C16389
R08091,C16466 + C00010 <=> C16470 + C00024
R08095,C16471 + C00010 <=> C03069 + C00024
R08120,C16477 + C00001 <=> C02222 + C16487
R08121,C16476 + C00001 <=> C02222 + C16487
R08146,C03461 + C00003 + C00001 <=> C16502 + C00004 + C00080
R08174,C00412 + C00001 <=> C00010 + C01530
R08175,C02041 + C00001 <=> C00010 + C06425
R08176,C00510 + C00001 <=> C00010 + C00712
R08177,C02050 + C00001 <=> C00010 + C01595
R08178,C16162 + C00001 <=> C00010 + C06427
R08179,C16165 + C00001 <=> C00010 + C06428
R08180,C16169 + C00001 <=> C00010 + C06429
R08181,C03035 + C00001 <=> C00010 + C06426
R08182,C03595 + C00001 <=> C00010 + C03242
R08183,C02249 + C00001 <=> C00010 + C00219
R08193,C00357 <=> C04501
R08198,C02630 + C00003 <=> C00026 + C00004 + C00080
R08218,C00002 + C00065 + C16636 <=> C00020 + C00013 + C06481
R08221,C16635 + C00001 <=> C12739 + C00014
R08231,C07649 + C00119 <=> C16634 + C00013
R08232,C16633 + C00002 <=> C16634 + C00008
R08237,C02380 + C00119 <=> C04646 + C00013
R08238,C16614 + C00119 <=> C16615 + C00013
R08240,C04646 + C00003 + C00001 <=> C16618 + C00004 + C00080
R08243,C16617 + C00001 <=> C04646 + C00013
R08244,C16618 + C00002 + C00064 + C00001 <=> C16619 + C00020 + C00013 + C00025
R08245,C07648 + C00119 <=> C16619 + C00013
R08280,C07645 + C00051 <=> C11583 + C00001
R08281,C07645 + C00004 + C00080 <=> C16551 + C00003
R08306,C16586 + C00003 <=> C16587 + C00004 + C00080
R08310,C16595 + C00003 <=> C16596 + C00004 + C00080
R08359,C01137 + C01672 <=> C00170 + C16565
R08363,C04232 + C16664 + C00001 <=> C03723 + C16663
R08364,C04232 + C03170 + C00001 <=> C03723 + C02090
R08368,C15586 + C00009 <=> C15587 + C00620
R08511,C00726 + C00051 <=> C01326 + C02320
R08512,C16738 + C00051 <=> C00059 + C02320
R08539,C00005 + 2 C00996 <=> C00006 + 2 C00999
R08548,C01094 + C00001 <=> C00095 + C00009
R08550,C16832 + C00003 <=> C16237 + C00004 + C00080
R08551,C03161 + C00005 + C00080 <=> C03024 + C00006
R08557,C00114 + C00003 <=> C00576 + C00004 + C00080
R08558,C00114 + C00006 <=> C00576 + C00005 + C00080
R08575,C05382 + C00118 <=> C00279 + C00085
R08599,G10614 + G10694 <=> G10620 + G01813
R08632,C02291 <=> C00097 + C17234
R08639,C00103 <=> C00092
R08648,C00022 + C00109 <=> C06006 + C00011
R08657,C00093 + C00399 <=> C00111 + C00390
R08658,C03189 + C00001 <=> C00116 + C00009
R08707,C04375 + C00001 <=> C01239 + C02871
R08717,G00309 + C00001 <=> G00319 + C00159
R08718,G00595 + C00001 <=> G00971 + C00159
R08765,C17509 <=> C17510
R08770,C05848 + 2 C22150 + C00007 + 2 C00080 <=> C17554 + 2 C22151 + C00001
R08771,C17554 + C00019 <=> C17559 + C00021
R08772,C17559 <=> C17552 + C00011
R08781,C17562 + C00019 <=> C00399 + C00021
R08945,C18075 + C00003 <=> C05284 + C00004 + C00080
R08954,C03205 + C00005 + C00080 <=> C18040 + C00006
R08964,C00002 + C11526 <=> C00008 + C20690
R08980,C18075 + C00006 <=> C05284 + C00005 + C00080
R09030,C02962 <=> C18096
R09074,C00612 + C00007 + C00001 <=> C00134 + C18170 + C00027
R09076,C00750 + C00007 + C00001 <=> C00315 + C05665 + C00027
R09077,C00315 + C00007 + C00001 <=> C00134 + C05665 + C00027
R09087,C00002 + C01204 <=> C00008 + C11526
R09099,C00065 + C01217 <=> C04377 + C00037 + C00001
R09136,C18242 + C00001 <=> C18243
R09220,C18309 + C00001 <=> C18310
R09222,C18304 + C00001 <=> C18305
R09245,C00448 + 3 C00129 <=> C01230 + 3 C00013
R09246,C00353 + 2 C00129 <=> C01230 + 2 C00013
R09254,C00082 + C00022 <=> C01179 + C00041
R09365,C05698 + C04489 <=> C05335 + C04144
R09366,C05689 + C00001 <=> C00022 + C00014 + C05703
R09372,2 C00005 + 2 C00080 + C18902 <=> 2 C00006 + 2 C00001 + C05703
R09375,C01304 + C00004 + C00080 <=> C18910 + C00003
R09376,C01304 + C00005 + C00080 <=> C18910 + C00006
R09380,C00173 + C00093 <=> C00681 + C00229
R09381,C00173 + C00681 <=> C00229 + C00416
R09382,C02211 + 2 C00063 + C00002 <=> C19085 + 3 C00013
R09383,C02211 + C00063 <=> C19078 + C00013
R09384,C19078 + C00063 <=> C19080 + C00013
R09386,C19080 + C00002 <=> C19085 + C00013
R09409,C19586 + C00051 <=> C11278
R09419,C00083 + C00040 <=> C00264 + C00010 + C00011
R09449,C00658 + C00005 + C00080 <=> C02843 + C00006
R09450,C02843 + C00001 <=> C00638 + C00010
R09477,C00379 + C00003 <=> C00181 + C00004 + C00080
R09510,C05545 + C00026 + C00007 <=> C05544 + C00042 + C00067 + C00011
R09511,C05544 + C00026 + C00007 <=> C02188 + C00042 + C00067 + C00011
R09644,C19776 + C00001 <=> C00416 + C00009
R09737,C00019 + C19858 <=> C00021 + C19859
R09796,C00256 <=> C00546 + C00001
R09827,C05981 + C00001 <=> C11554 + C00009
R09832,C19967 + C00001 <=> C19968 + C00013
R09844,C00448 + C20119 <=> C20120 + C00013
R09845,C20120 + C00001 <=> C04506 + C00012
R09932,C20227 + C00006 <=> C20226 + C00005 + C00080
R09944,C00063 + C00641 <=> C00112 + C00416
R09993,C20267 + C00001 <=> C01279 + C00014
R10046,C05841 + C00001 <=> C00253 + C00121
R10052,C04411 + C00003 <=> C00233 + C00011 + C00004 + C00080
R10056,C05545 + 2 C00026 + 2 C00007 <=> C02188 + 2 C00042 + 2 C00067 + 2 C00011
R10057,C04530 + 6 C00999 + 3 C00007 + 6 C00080 <=> C04840 + 6 C00996 + 4 C00001
R10065,2 C00002 + C01245 <=> 2 C00008 + C01284
R10088,C00117 + C00118 + C00014 <=> C00018 + 4 C00001 + C00009
R10089,C00117 + C00118 + C00064 <=> C00018 + C00025 + 3 C00001 + C00009
R10092,C00288 + C00080 <=> C00011 + C00001
R10115,C19673 + C01209 <=> C20372 + C00011 + C00229
R10116,C20372 + C00005 + C00080 <=> C20373 + C00006
R10119,C20375 + C01209 <=> C20376 + C00011 + C00229
R10120,C20376 + C00005 + C00080 <=> C20377 + C00006
R10159,2 C00662 + C00006 + C00080 <=> 2 C00667 + C00005
R10170,C04411 <=> C02504
R10183,C00075 + C18060 <=> C00013 + C00203
R10221,C00345 + C00003 <=> C00199 + C00011 + C00004 + C00080
R10231,C20459 + C00001 <=> C20458 + C00014
R10242,C00674 + C00006 <=> C00280 + C00005 + C00080
R10244,C20463 + C00009 <=> C15587 + C00672
R10280,C20482 <=> C04856
R10281,C20483 <=> C04899
R10288,C00002 + C04899 <=> C00008 + C00009 + C00005
R10442,C00454 + C00001 <=> C01117 + C00009
R10443,C00201 + 2 C00001 <=> C01117 + 2 C00009
R10455,C00019 + C20663 <=> C00170 + C04441
R10463,C00188 + C00002 + C00288 + C00080 <=> C20641 + C00013 + C00001
R10484,C00154 + C02743 <=> C17202 + C00010
R10497,C00019 + C20648 <=> C00021 + C20647
R10498,C00019 + C20652 <=> C00021 + C20649
R10520,C00092 + C00003 <=> C01236 + C00004 + C00080
R10548,C00002 + C11174 <=> C00008 + C20690
R10552,C20688 + C00022 + C00019 <=> C20691 + C00073 + C05198 + C00011 + C00001
R10586,C20649 + C00019 <=> C20659 + C00021
R10587,C20659 + C00019 + C00011 <=> C20660 + C00021
R10611,C00019 + C20691 <=> C00170 + C20652
R10619,C00124 <=> C00984
R10633,C00003 + C01997 + C00001 <=> C00153 + C02415 + C20658 + C00080
R10634,C00003 + C20743 + C00001 <=> C00153 + C02188 + C20658 + C00080
R10648,C20641 + C17324 <=> C00020 + C20751
R10685,C00003 + C00037 + C02743 <=> C20784 + C00153 + C21861 + 3 C00001
R10687,C12270 + C00001 <=> C01042 + C00025
R10688,C20776 + C00001 <=> C12270 + C00025
R10700,C05764 + C00010 <=> C00154 + C00229
R10712,C04752 + C20247 <=> C01081 + C00013 + C00011
R10716,2 C00019 + C20648 <=> 2 C00021 + C20796
R10747,C00010 + C00001 <=> C01134 + C00054
R10776,C00676 + C00001 <=> C02269 + C00009
R10783,C16310 + C00004 + C00080 <=> C08492 + C00003
R10806,C02583 + C00019 <=> C20858 + C00021
R10813,n C00201 <=> C20864(n) + (n-1) C00013
R10815,C02339 + C00001 <=> C20183 + C20863
R10822,C00008 + C00039(n) + C02128(m) <=> C00020 + C00009 + C00039(n+m)
R10823,C00044 + C00039(n) + C02128(m) <=> C00144 + C00013 + C00039(n+m)
R10825,C20876 + C00083 <=> C20877 + C00011 + C00010
R10826,C20878 + C00006 <=> C20877 + C00005 + C00080
R10827,C20878 <=> C20879 + C00001
R10828,C20876 + C00006 <=> C20879 + C00005 + C00080
R10845,C20895 + C00026 <=> C20646 + C00025
R10851,C05519 + C00006 <=> C03508 + C00005 + C00080
R10852,C05519 + C00006 <=> C01888 + C00011 + C00005 + C00080
R10907,C01172 + C00003 <=> C01236 + C00004 + C00080
R10928,C11556 + C00001 <=> C11557 + C00009
R10948,C00002 + C00288 <=> C00008 + C20969
R10949,C00014 + C20969 <=> C01563 + C00009
R10951,C00002 + C01194 <=> C00008 + C11557
R10952,C01277 + C00001 <=> C01220 + C00641
R10953,C00002 + C01272 <=> C00008 + C01284
R10991,C02356 + C00026 <=> C00109 + C00025
R10992,C00041 + C00109 <=> C00022 + C02356
R10993,C00002 + C00025 + C02356 <=> C00008 + C00009 + C21015
R10994,C00002 + C21015 + C00037 <=> C00008 + C00009 + C21016
R11001,C12145 + 2 C00999 + C00007 + 2 C00080 <=> C21020 + 2 C00996 + C00001
R11029,C11039 <=> C21031
R11063,C03172 + C00155 <=> 2 C00073
R11070,C00423 <=> C07083 + C00011
R11071,C01494 <=> C17883 + C00011
R11097,C21106 + C00005 + C00080 + C00007 <=> C08813 + C00006 + 2 C00001
R11098,C20905 + C00001 <=> C00109 + C00014
R11099,C20904 + C00001 <=> C00022 + C00014
R11100,C02218 <=> C20904
R11101,C17234 <=> C20905
R11104,C00004 + C00001 <=> C00020 + C21113
R11165,4 C00019 + C04441 <=> 4 C00021 + C21151
R11166,C21151 + C00001 <=> C01573 + C00132
R11180,C01168 + C00001 <=> C02067 + C00009
R11216,C00019 + C00613 <=> C00021 + C04143
R11217,C00019 + C04143 <=> C00021 + C21188
R11218,C00019 + C04143 <=> C00021 + C21189
R11219,2 C00019 + C00613 <=> 2 C00021 + C21188
R11220,2 C00019 + C00613 <=> 2 C00021 + C21189
R11221,C00019 + C00613 <=> C00021 + C21190
R11225,C21214 + C01847 <=> C21215 + C00009
R11312,C04752 + C20246 <=> C00013 + C01081 + C00011
R11319,C00068 + C00008 <=> C03028 + C00020
R11329,C21284 + 2 C00080 <=> C05770 + C14818
R11337,C01087 + C00003 <=> C00026 + C00004 + C00080
R11399,C03862 + C19803 <=> C00110 + C20722
R11527,C00681 + C00001 <=> C01885 + C00009
R11528,C00097 + C02743 <=> C00041 + C21440
R11529,C15812 + C02743 <=> C15811 + C21440
R11593,C00022 + C01087 <=> C00256 + C00026
R11659,C21563 + C00051 <=> C00127 + C00530
R11679,C04076 + C00006 + C00020 + C00013 <=> C00956 + C00005 + C00080 + C00002
R11765,C00272 + C00006 <=> C02953 + C00005 + C00080
R11783,C00498 + C00092 <=> C00008 + C00689
R11861,C00051 <=> C01419 + C01879
R11891,C00002 + C16634 <=> C00008 + C21748
R11892,C00002 + C04242 <=> C00008 + C21750
R11893,C21750 + C00343 + C00001 <=> C21748 + C00342
R11894,C00002 + C21748 <=> C00008 + C21749
R11895,C00002 + C21750 <=> C00008 + C21751
R11896,C21751 + C00001 <=> C04242 + C00013
R11905,C21758 + C00051 <=> C02320
R12011,C00019 + C21844 <=> C00021 + C21845
R12024,C21858 + C00001 <=> C00026 + C01419
R12118,C21918 + 3 C03024 + 3 C00007 <=> C21919 + C00058 + 3 C03161 + 4 C00001
R12119,C21918 + C03024 + C00007 <=> C21920 + C03161 + C00001
R12120,C21920 + C03024 + C00007 <=> C21921 + C03161 + 2 C00001
R12121,C21921 + C03024 + C00007 <=> C21919 + C00058 + C03161 + C00001
R12152,C04916 + C00014 <=> C04677 + C04666 + C00001
R12173,C00154 + 2 C00999 + C00007 + 2 C00080 <=> C21072 + 2 C00996 + 2 C00001
R12188,C02882 + C00001 <=> C00145 + C00014 + C00022
R12317,C21918 + 6 C00138 + 6 C00080 + 3 C00007 <=> C21919 + C00058 + 6 C00139 + 4 C00001
R12318,C21918 + 2 C00138 + 2 C00080 + C00007 <=> C21920 + 2 C00139 + C00001
R12321,C21920 + 2 C00138 + 2 C00080 + C00007 <=> C21921 + 2 C00139 + 2 C00001
R12322,C21921 + 2 C00138 + 2 C00080 + C00007 <=> C21919 + C00058 + 2 C00139 + C00001
R12323,C01724 + 6 C00138 + 6 C00080 + 3 C00007 <=> C11455 + C00058 + 6 C00139 + 4 C00001
R12356,C00100 + C00007 <=> C00894 + C00027
R12366,C22111 + C00003 <=> C01876 + C00004 + C00011 + C00080
R12399,C22121 + C00005 + C00080 <=> C02141 + C00006
R12400,C22122 + C00005 + C00080 <=> C15777 + C00006
R12401,C22123 + C00005 + C00080 <=> C15782 + C00006
R12402,C02945 + C00006 <=> C01876 + C00005 + C00080
R12403,C05103 + 6 C00999 + 3 C00007 + 6 C00080 <=> C22112 + 6 C00996 + 4 C00001
R12404,C22112 + C00006 <=> C22136 + C00005 + C00080 + C00011
R12405,C22136 + C00005 + C00080 <=> C05437 + C00006
R12406,C22111 + C00006 <=> C01876 + C00011 + C00005 + C00080
R12423,C22160 + C22154 + 2 C00019 + 2 C22150 + 8 C00080 <=> C15973 + C22155 + 2 C00283 + 4 C14818 + 2 C00073 + 2 C05198 + 2 C22151
R12424,C22159 + C22154 + 2 C00019 + 2 C22150 + 8 C00080 <=> C02972 + C22155 + 2 C00283 + 4 C14818 + 2 C00073 + 2 C05198 + 2 C22151
R12427,C05752 + C22158 <=> C22160 + C00229
R12428,C05752 + C22157 <=> C22159 + C00229
R12459,C05546 + 2 C00026 + 2 C00007 <=> C05544 + 2 C00042 + 2 C00067 + 2 C00011
R12460,C05546 + C00026 + C00007 <=> C05545 + C00042 + C00067 + C00011
R12461,C05546 + 3 C00026 + 3 C00007 <=> C02188 + 3 C00042 + 3 C00067 + 3 C00011
R12472,C00096 + C22183 <=> C22184 + C00035
R12477,G00374 + C00001 <=> G00272 + C00159
R12479,G10694 + 3 C00001 <=> G00012 + 3 C00159
R12496,C02843 + C00370 <=> C00010 + C22215
R12516,C12296 + C00001 <=> C07328 + C00033
R12570,C00342 + C15498 <=> C00343 + C00001 + C01335
R12571,C07292 + C15498 <=> C07293 + C00001 + C01335
R12578,2 C00051 + C15498 <=> C00127 + C00001 + C01335
R12585,C22228 + C00007 <=> C00162 + C00001 + C00011
R12629,C05067 + C00006 <=> C04512 + C00005 + C00080
R12630,C05067 + C00006 <=> C22258 + C00005 + C00080
R12657,C00019 + C21860 <=> C00021 + C00390
R12682,C22328 + C00028 + C00001 <=> C22329 + C00030
R12683,C22329 <=> C15670 + C00001
R12688,C00328 + C00026 <=> C01717 + C00025 + C00001
R12689,C00957 + C02743 <=> C00022 + C21440
R12690,C21440 + C00342 <=> C00283 + C02743 + C00343
R12799,C22401 <=> C22402 + C00798
R12800,C22405 <=> C22406 + C00798
R12851,C22395 <=> C22441 + C00122
R12852,C22441 + C00002 <=> C22442 + C00008
R12853,C22442 + C00002 <=> C22443 + C00008
R12885,C02637 + C00006 <=> C22438 + C00005 + C00080
R12933,C01037 + C00011 <=> C22458
R12934,C22458 + C00002 <=> C01909 + C00008 + C00009
R12958,C06196 + C00001 <=> C05512 + C00009
R13148,C01165 + C00006 + C00001 <=> C00025 + C00005 + C00080
R13199,C00668 <=> C00085
R13202,C00002 + C00085 <=> C00008 + C00665
R13214,C02940 + C00006 <=> C00619 + C00005 + C00080
R13215,C22831 + C00006 <=> C01176 + C00005 + C00080
R13223,C00399 + C00042 <=> C00390 + C00122
R13224,C15603 + 2 C00125 <=> C15602 + 2 C00126 + 2 C00080
R13408,C17561 + C00004 + C00007 <=> C17562 + C00003 + C00001
R13426,C17552 + 2 C22150 + C00007 + 2 C00080 <=> C19858 + 2 C22151 + C00001
R13444,C22975 + C00006 <=> C22974 + C00005 + C00080
R13467,C23013 + C00010 <=> C21906 + C00100
R13471,C23016 + C00010 <=> C23017 + C00024
R13479,C23006 + C00010 <=> C23007 + C00024
R13483,C23021 + C00010 <=> C23022 + C00024
