metabolite,AgitWAO,AgitWAO.1,AgitWAO.2,AgitWAO.3,AgitWOAO,AgitWOAO.1,AgitWOAO.2,AgitWOAO.3,StatWAO,StatWAO.1,StatWAO.2,StatWAO.3,StatWOAO,StatWOAO.1,StatWOAO.2,StatWOAO.3,CtrTvAOT0-super,CtrTvAOT0-super.1,CtrTvAOT0-super.2,CtrTvAOT0-super.3,KEGG_C_number
omega-hydroxydodecanoic acid,457623.2812,216552.2969,166988.6406,353752.5625,632051.8125,243729.75,305193.875,249789.8438,596053.5625,758373.4375,437335.875,641369.375,869491.0625,757594.8125,769342.1875,957530.9375,4.99E+06,3.05E+06,2.42E+06,2.50E+06,c
trans-cinnamic acid,1417936.25,433568.5312,690996.3125,743224.4375,357667.4062,283295.4375,300707.5938,214941.0781,263128.0312,55614.13672,51574.84375,53335.97656,166006.8281,133438.0625,259551.0625,105048.2109,5.02E+06,1.42E+06,9.36E+05,8.10E+05,C00423
"2,4-dihydroxypteridine",31961.57227,31392.69141,23347.375,,40455.4375,20058.35352,,,31732.33594,69581.32031,38060.85938,29522.33008,156785.1562,103448.0078,188831.8125,146404.8906,8.65E+06,8.10E+06,4.25E+06,5.93E+06,C03212
ferulic acid,322739.0625,6599498.5,631714.0625,25770238,575790.75,5900013,91647.86719,813240.6875,418085952,1377870.875,605610.4375,776497.125,1369815.75,451171.0938,9967617,3175492.75,1.35E+06,7.86E+05,7.19E+05,5.96E+05,C01494
uracil,159438192,126090232,156075136,108090128,116324208,82206664,97750840,99180376,72914152,69018112,65793552,92596856,79463680,91937320,84967680,88720096,1.73E+06,1.70E+05,4.05E+05,1.91E+05,C00106
4-coumaric acid,534492.875,493318.9688,842712.75,119724120,178036.1094,335746.9375,85455.84375,140483.5625,2370556928,5430929.5,2697161,3293674,5436615,2255521.5,24847314,6687557,1.39E+06,1.13E+06,8.49E+05,7.84E+05,C00811
vanillic acid,1279168.125,2064502.25,1338531.375,530710880,11885790,612993.5,487744.625,365580.375,3023468.25,418328.125,128849.2969,469397.4375,997208.9375,479989,2046227.5,8522167,2.96E+06,1.26E+06,7.65E+05,8.39E+05,C06672
thymidine,668406.6875,470183,2180145.75,392520.5,763027.375,774827.4375,662797.8125,1042501.188,83178.71094,68849.4375,37380.19531,72503.6875,113237.0625,98128.69531,82696.39844,78267.99219,2.30E+05,2.01E+05,1.87E+05,2.65E+05,C00214
2-hydroxycinnamic acid,534492.875,493318.9688,842712.75,119724120,178036.1094,335746.9375,85455.84375,140483.5625,2370556928,5430929.5,2697161,3293674,5436615,2255521.5,24847314,6687557,1.39E+06,1.13E+06,8.49E+05,7.84E+05,C01772
5'-methylthioadenosine,1270705.25,996488.625,1812856.75,712411.75,1776854.75,1098300.875,897596.875,1014011.188,907196.875,1002378.688,993148.3125,1040774.625,2222713.75,1563793.875,1965726.125,2557368,2.70E+05,2.32E+05,2.68E+05,1.34E+05,C00170
4-hydroxybenzoic acid,50388380,54387112,74473520,62547792,60840420,42969272,75195712,56850860,1040922368,742209664,971240960,1124610304,378594656,488487776,534048352,338990080,4.95E+07,8.23E+07,5.45E+07,5.11E+07,C00156
3-hydroxyanthranilic acid,277983.2812,128409.6328,371758.2188,179308.1562,222448.1719,165495.4062,192480.7031,281554.75,79388.32031,97640.14062,126512.6172,152005.4375,270971.8438,358015.5312,267885.7188,129592.1328,1.46E+06,9.69E+05,1.12E+06,6.80E+05,C00632
deoxyuridine,2409860.25,1044806.688,8273924,1042241,966967.6875,1212064.375,1121449,1952394.5,248147.6562,143603.5312,127336.5469,228556.9219,171459.5625,207448.6719,202975.8125,147117.5,2.54E+06,1.74E+06,1.51E+06,1.75E+06,C00526
dethiobiotin,14231.61035,12157.9209,16443.83594,,24711.08594,19345.88086,17655.54883,17764.74023,18379.5625,15963.24512,,11579.90527,41981.60547,25834.66797,34313.34375,43862.54297,5.27E+05,3.76E+05,3.04E+05,2.95E+05,
cholic acid,134129.3438,71697.75,122877.2188,45068.625,114726.1016,48137.21484,55640.0625,54997.98828,350321.625,179107.9844,227240.875,159376.75,79461,74838.82812,92972.92969,88557.26562,2.39E+06,1.87E+06,1.20E+06,1.33E+06,C00695
azelaic acid,1136268.75,785635.4375,884519.5625,1207823,2881006.5,2003805.75,1849055.75,1940458.375,4265013.5,1111396.875,887639.6875,1244642.375,1399665.125,1624838.375,1410016.125,1879447.5,2.49E+05,1.77E+05,1.61E+05,2.34E+05,C08261
salicylic acid,9471570,23474772,16852002,31534460,3918305.5,13471427,24639100,26278662,32982054,41713684,37776572,51865656,23200476,29809948,35873428,13527639,7.23E+07,9.37E+07,9.31E+07,1.17E+08,C00805
2-methylmaleic acid,677017.0625,672848.1875,636545.375,572439.375,650275.625,535289.375,452702.2812,510087.9375,754696.8125,698754.6875,631708.25,774105.875,550924.5,520524.6875,571085.4375,638240.625,1.32E+07,1.00E+07,1.13E+07,9.85E+06,C02226
2'-deoxyadenosine,98334.80469,40259.74219,440906.4688,102701.9844,134546.9531,183000.4531,185203.7812,338054.9062,10491.35059,,,10424.75293,11297.37891,23774.69336,22165.20703,9067.610352,2.54E+04,3.35E+04,3.21E+04,4.27E+04,C00559
maleic acid,664029.6875,545536.3125,609421.125,478981.5,622998.25,503932.5,477823.9688,449754.4688,553395.75,568824.5,519983.4688,591996.3125,519005.2188,500711.0938,490056.1562,616383.875,5.56E+07,2.96E+07,4.20E+07,5.13E+07,C01384
adenine,1359481.125,1314814.5,1676148.25,1222108.375,1145893.375,896823.1875,798043.8125,1041797.75,13534182,7269326,7845327,11760439,690767.5,962288.5625,1014789.75,730588.8125,6.93E+04,3.39E+04,,3.51E+04,C00147
xanthine,117596680,93193840,110247384,84149648,106204568,75369648,68415424,80802136,74766240,79723288,62823740,90922872,52673520,65781960,58386548,56503724,1.43E+05,1.14E+05,1.70E+05,1.82E+05,C00385
4-pyridoxic acid,121249.9844,76544.83594,95605.75,80901.28125,218422.7188,98106.5,99313.77344,102692.6484,133798.0781,109419.9609,106145.8984,106321.2891,97820.33594,128174.1406,99134.72656,113852.8438,3.27E+06,2.84E+06,3.50E+06,3.07E+06,C00847
uridine,119155064,68577440,88895504,91880368,144095984,93838200,97321640,88576056,108223568,105598344,111095512,117682336,89428608,94265128,97251032,100325984,6.50E+05,7.90E+05,1.38E+06,1.45E+06,C00299
3-hydroxybenzoic acid,8178521.5,22026350,15930767,31089658,2462985.5,12718792,24007728,25671696,11471598,29845460,22428730,31109346,18675314,22855030,30204098,8611290,1.87E+07,2.74E+07,3.21E+07,3.45E+07,C00587
4-acetamidobutanoic acid,247662.0781,280479.25,602973.5625,159179.4531,612958.1875,286862.6875,586602.5,953648.8125,1472122,973525.625,1015072.875,1547199.75,884392.375,1086368.375,719447.5,1228511.75,1.19E+07,2.08E+07,2.48E+07,4.16E+07,C02946
mandelic acid,164275.7188,111456.875,80317.53906,95511.53906,64150.62109,102013.0625,58933.07422,80073.85938,145301.4062,116030.8281,90044.67969,110948.3984,223965.9062,73596.1875,111187.1172,136566.125,8.35E+06,4.49E+06,4.59E+06,4.64E+06,C01983
adenosine,1411903.5,1327869.75,2489466.5,1074423.75,1835438.25,2690126.25,1240641,2356985,3425261.25,498055.5312,1300851.625,821183.375,547873.9375,729276.375,783484.25,948046.9375,1.37E+05,1.83E+05,1.61E+05,2.51E+05,C00212
3-amino-4-hydroxybenzoic acid,37579.94922,40443.74219,43780.00391,31176.23633,42010.53906,32886.92969,26667.69531,36753.01953,53233.02344,40220.46484,55752.47266,54749.95312,46478.69531,46440.35156,45488.44922,44626.68359,2.35E+06,1.45E+06,1.81E+06,1.83E+06,C12115
hypoxanthine,160899552,149027936,166930112,126042080,140052240,104578208,100480960,120761360,86775528,67576808,58399708,88150624,57991368,75321744,70805648,64307248,1.66E+05,1.28E+05,1.54E+05,9.36E+04,C00262
2-hydroxybutyric acid,165278.2188,110127.9531,149750.8125,93672.17969,134500.9688,121787.9219,150271,155565.9375,127028.125,106076.6328,110423.3438,125046.7969,107133.7109,101263.5,104626.9531,126457.6953,6.27E+05,6.72E+05,9.22E+05,1.14E+06,C05984
erythritol,1487250,946756.3125,1671310.75,785530.5,1424368.625,945598.5625,1019424.562,1341719.625,531497.875,369594.9062,474494.9688,549914.375,866154.0625,701037.3125,969700.0625,973196.8125,4.92E+06,3.95E+06,3.83E+06,4.17E+06,C00503
N-acetyl-leucine,394286.6875,313396.5312,417507.9375,264263.5,922737.625,593360.4375,503691.4062,571293.3125,123436.5312,85146.61719,74124.625,98197.17188,410156.5312,491232.2812,464413.25,415793.875,2.87E+06,5.71E+06,6.48E+06,8.16E+06,C02710
caffeic acid,39424.53125,36898.09375,41189.4375,53590.94531,48693.92578,51041.63672,38150.61719,35320.71484,7543823,41022.56641,37260.62891,33780.05859,44577.87891,40014.14062,32790.75781,38963.42969,4.88E+05,2.09E+05,1.69E+05,1.69E+05,C01197
suberic acid,203989.9688,170135.5,192166.4688,888260.25,315492.4062,221154.9844,197231.3438,201618.5938,671858.8125,281157.4062,249719.0938,313615.6875,217360.4688,225779.8281,190878.2031,319191.5625,1.22E+05,1.15E+05,1.09E+05,1.20E+05,C08278
pterin,19725.39258,23164.16016,14610.21582,26693.93359,33917.17188,44717.98828,28295.87109,39763.78516,65693.82812,230169.2656,122706.7344,117772.6562,221114.3594,169282.0312,345875.8438,215971.5156,7.05E+04,1.14E+05,7.69E+04,1.27E+05,C00715
N-acetyl-phenylalanine,473677.3438,278071.3125,683932.625,459513.3125,437744.9375,521732.4375,585341.625,883404.75,143993.125,137874.0312,68779.22656,100371.5625,183976,298526.7188,216480.1875,151946.4844,3.40E+06,4.51E+06,4.68E+06,6.20E+06,C03519
"2,3-dihydroxybenzoic acid",436747.9688,2129855,1148746.625,3593291.25,280082.4062,376372.0625,545358.4375,446905.5938,9329406,2764232,2400503.75,3416417.5,674366.5,686380.5625,657014.125,519392.25,6.71E+06,7.31E+06,8.11E+06,9.45E+06,C00196
"3,4-dihydroxybenzoic acid",436747.9688,2129855,1148746.625,3593291.25,280082.4062,376372.0625,545358.4375,446905.5938,9329406,2764232,2400503.75,3416417.5,674366.5,686380.5625,657014.125,519392.25,6.71E+06,7.31E+06,8.11E+06,9.45E+06,C00230
2-oxovaleric acid,510132.4375,449754.75,383514,332270.375,1556628.25,530655,423358.5312,408433.7812,1557759.75,1302027,1351780.375,1189879.625,1141889.75,902869.5625,848901.6875,2428510.5,6.25E+05,7.90E+05,4.85E+05,4.16E+05,C06255
N-acetyl-methionine,14206789,10651904,16368102,9426487,14246720,9280588,12422967,13367594,4853427,3439863,3899390.5,5239411,9662780,15675675,13593504,6827668,2.99E+04,5.82E+04,7.72E+04,8.10E+04,C02712
riboflavin,2162295.5,1349787.625,1738360.125,855522.75,935144.9375,709115.625,570798.9375,588688.25,306562.9375,143494.3125,147924.3438,183832.6719,224072.7188,304009.6875,274349.5,183329.3281,1.82E+06,1.08E+06,9.39E+05,1.19E+06,C00255
4-methylcatechol,67424.28906,81992.64844,139274.9219,101251.9688,58737.76953,159884.0781,85297.10156,114428.3594,47604.50781,65095.59375,96492.91406,69923.85938,81115.82812,87672.96875,87637.35938,192593.4062,2.20E+06,2.35E+06,2.69E+06,3.44E+06,C06730
"2,5-dihydroxybenzoic acid",118272.4375,163874.125,150842.6875,267619.6562,128863.8672,77712.78906,123810.3594,119084.9609,420050.25,213223.0625,206911.1094,280619.2812,170284.1406,133953.4219,111274.25,76907.70312,4.80E+05,4.39E+05,5.03E+05,3.67E+05,C00628
formyl-methionyl peptide,1179902.375,1363710.875,1338685.25,827183.9375,3639012.5,1902474.125,1957259.875,1787672.875,648229.875,520072.3125,532447.75,707330.4375,4351571.5,6304878.5,6567400,3513647,4.13E+04,,,,
mevalonic acid,403796,495417.9375,348767.9375,610940.375,2146685.25,491556.6562,510752.5312,232937.1562,7655720.5,4349617,5907873,6193104.5,4640817,4067892.75,5439882,5407872.5,2.83E+06,2.35E+06,2.77E+06,3.53E+06,C00418
itaconic acid,3035076.25,2552599,642685.875,563686.9375,217090.9688,131357.0469,171734.6406,143443.2188,2059631.875,633097.3125,1054149.25,737144.3125,199347.5156,224785.6562,226317.4062,190964.3906,1.43E+08,1.09E+08,1.19E+08,1.01E+08,C00490
malonic acid,614774.3125,700137.6875,704426.8125,671852.8125,569307.875,600252.9375,675071.5,688613,1060315,652902.3125,644833.1875,799469.125,652838.1875,749082.6875,1039271.812,567537.5,1.10E+06,1.06E+06,1.41E+06,8.07E+05,C00383
ribitol,25310084,15751479,39110604,14145246,17741912,14212169,12909560,18130274,8995520,4171588.75,4172800.5,6105119.5,9076879,11274583,27310770,8564914,1.49E+07,1.28E+07,2.26E+07,2.08E+07,
allantoin,9999545,5383478.5,8007219.5,6495978,13807930,8641791,11637732,8701739,2914783,4093314.25,3001421.75,3934501,10160035,12345257,13526735,13040612,,3.86E+04,3.02E+04,4.78E+04,C01551
xylitol,12026367,10205354,19266132,10270775,25980434,19296948,18517838,30085434,25252358,18669758,25914972,21680334,72475672,45350132,75307568,77926672,2.11E+07,3.00E+06,6.64E+06,7.98E+06,
glyceraldehyde,21575646,16648406,23378670,15785412,19720934,20981400,16673137,23999202,22947570,16638276,12526502,20172996,15397574,12807088,17166260,19307032,4.54E+06,3.70E+06,4.15E+06,5.81E+06,C02154
lactic acid,21575646,16648406,23378670,15785412,19720934,20981400,16673137,23999202,22947570,16638276,12526502,20172996,15397574,12807088,17166260,19307032,4.54E+06,3.70E+06,4.15E+06,5.81E+06,C01432
arabitol,5321962.5,5407504.5,8679059,3648937.5,11649539,7121185.5,6616641.5,9117264,12642905,7049416.5,9470171,10025977,34780080,19448346,31135904,36748672,2.99E+06,7.85E+05,2.06E+06,1.86E+06,C01904
inosine,67450304,69544928,79079704,60898272,52468064,69359728,33192120,49079396,37202660,18430208,17897136,22171542,11285247,17939658,16883092,12559435,4.49E+04,4.12E+04,6.63E+04,6.39E+04,C00294
4-quinolinecarboxylic acid,128572.1406,72896.75,117233.5781,55147.37891,121817.5547,46648.03125,94541.60938,96081.98438,165545.8438,73775.92969,124558.1719,127683.0938,76909.89844,112487.8828,101240.3906,67846.1875,2.11E+06,1.71E+06,2.16E+06,1.87E+06,C06414
nicotinic acid,1762494.625,3598817,1550955.5,1548484.625,1752251.25,1215001,1285020.75,1920931.375,4623727,2701875.5,3437823.5,4370868,883695.625,1671220.75,1275553.625,1042858.875,1.12E+06,5.99E+05,5.55E+05,5.81E+05,C00253
3-(4-hydroxyphenyl)lactic acid,257011,110189.7656,259000.4062,228499.4688,586626.3125,545374.25,260665.9531,282234.625,245048.7656,85523.03125,105519.1641,89368.60156,113671.1562,85609.01562,78591.22656,141444.4688,6.06E+06,4.11E+06,5.11E+06,5.72E+06,C03672
isonicotinic acid,1762494.625,3598817,1550955.5,1548484.625,1752251.25,1215001,1285020.75,1920931.375,4623727,2701875.5,3437823.5,4370868,883695.625,1671220.75,1275553.625,1042858.875,1.12E+06,5.99E+05,5.55E+05,5.81E+05,C07446
pyruvic acid,83831312,30900360,54095176,54513996,108778416,66324684,75606040,65658232,13483593,14492685,10465284,12211630,31030902,30228986,31292348,42363904,9.97E+06,5.05E+06,4.98E+06,5.81E+06,C00022
guanine,7315614.5,3762474.25,7782097,7785598,8453777,4350937.5,6364259,7747416.5,16593442,5797578,4095703.75,7392899.5,7285784.5,10588302,9260936,7372978.5,9.32E+05,5.02E+05,4.34E+05,4.17E+05,C00242
N-acetyl-galactosamine,1676106.5,1149110.75,1421124.25,1465843,2323443,1456276,1400123,1695328.75,1264777.5,702998,893800.125,1159473,1197530.625,1641086,1636820.375,1240031.5,3.33E+05,1.91E+05,1.53E+05,1.78E+05,C01132
n-acetyl-tryptophan,254301.875,482014.1562,162647.7188,170219.0938,227966.1719,241960.75,236199.3125,211970.1406,22993.16016,19866.00586,20139.16992,20833.19141,42544.32422,45970.00391,69186.82812,31904.72266,5.38E+05,5.14E+05,3.98E+05,5.61E+05,
maleamic acid,61708.71875,49677.625,50048.82812,49032.61328,60827.54297,41233.66797,39575.49219,39197.38281,98768.53125,84696.53125,85412.91406,71000.32812,53363.89062,58497.90625,70174.97656,64115.97656,2.15E+05,2.61E+05,3.76E+05,2.85E+05,C01596
1-methylnicotinamide,,,13463.53613,13297.67676,11482.30176,14988.6123,12556.49023,12561.4375,,16102.81055,10779.43164,14495.91406,19152.76758,11318.69238,12720.48926,11618.56348,6.83E+07,1.35E+08,1.56E+08,1.53E+08,C02918
2'-deoxyguanosine,705185.875,348371.4375,3391761.25,409373.2812,589484.125,915097.3125,889220.1875,1560389.5,75423.8125,74566.21875,38823.54297,55034.6875,66588.67188,190193.6719,87490.8125,71689.08594,,4.12E+04,4.81E+04,4.40E+04,C00330
cytidine,686089.875,583726.75,618329.3125,591874.125,4403621,1577300,2000931,2071556.5,1394845.25,612900.125,1331126.875,1026180.875,2072843,2068893.875,1449734.75,2984444.25,2.98E+05,3.09E+05,4.56E+05,4.64E+05,C00475
N-acetyl-glucosamine,1676106.5,1149110.75,1421124.25,1465843,2323443,1456276,1400123,1695328.75,1264777.5,702998,893800.125,1159473,1197530.625,1641086,1636820.375,1240031.5,3.33E+05,1.91E+05,1.53E+05,1.78E+05,C03878
pantothenic acid,53030928,45999720,44623004,38755920,45607164,33665960,32849328,35632148,10386490,5478422.5,8171555.5,13757023,24598420,34820600,33006684,22332870,6.63E+07,5.40E+07,3.70E+07,4.33E+07,C00864
N-acetyl-mannosamine,449422.875,332889.1875,343379.5938,304124.5312,540900.125,334853.875,287216.625,376578.2188,324975.75,179068.2031,237133.3281,297862.9375,293978.0938,385440.3125,386637.4062,304086.4062,1.58E+05,9.03E+04,7.61E+04,1.06E+05,C02711
orotic acid,128739.8828,115623.1953,204043.4375,464743.7188,858587.9375,258636.3125,190243.2188,147001.1719,9920052,5584573,4709583,5779312.5,553157.375,1032868.375,932773.375,1736675.75,7.71E+05,5.79E+05,7.38E+05,3.88E+05,C00295
betaine,80577.61719,63854.8125,96903.44531,60393.08984,76283.04688,67948.875,56313.84766,60461.37109,59210.84375,65766.70312,70439.74219,78010.28906,95058.03125,61706.97656,81221.57031,61057.64844,5.33E+05,4.92E+05,5.44E+05,5.44E+05,C00719
4-hydroxy-2-quinolinecarboxylic acid,88863.6875,94004.50781,87106.14062,38109.65625,54880.39844,48698.69141,65061.91016,65336.10938,196159.6562,71273,80117.125,61229.63672,120294.6484,92108.88281,120613.7344,114675.3281,3.93E+07,6.57E+07,7.44E+07,9.00E+07,C01717
normetanephrine,,,,,,,,,,,19429.85938,,,,,,4.16E+04,5.14E+04,4.07E+04,6.26E+04,
N-acetyl-alanine,996246.5625,856752.75,1295736.75,759279.0625,945251.25,761788.9375,773040.75,891782.875,357242.4062,257397.8125,255022.1562,328546.4688,900316.25,1781227.5,2755042.75,832530.375,1.15E+07,1.09E+07,8.94E+06,8.94E+06,
guanosine,5907575.5,3795210.75,7342757,5940662,4140848.75,4714731,4728905,5844405.5,3238278.75,1614684.625,1471398.375,2094902.5,2417930.5,4184461.25,4801410,2345953.25,3.24E+05,3.93E+05,5.66E+05,6.29E+05,C00387
phenylalanine,402759168,197762752,459713536,266498592,288034784,220562176,233926768,255765136,105355680,59985180,64179140,84143544,74147104,107036552,88443096,71852248,2.27E+06,1.46E+06,1.13E+06,1.22E+06,C00079
xanthurenic acid,44854.60547,,,,,24312.35547,,,63536.41797,35265.14844,47829.42578,35334.39453,63146.68359,43100.53516,51233.83594,44667.48828,2.08E+06,2.25E+05,1.58E+05,1.74E+05,C02470
sorbitol,2782372,3511304,1958741,1279102.125,3541106.25,2307106.5,1639822,2367506.5,7337711.5,3768320.75,3920185.25,9675470,11505007,4550830,7173897,11210189,7.06E+05,8.52E+05,7.42E+05,9.01E+05,C00794
sorbitol,2511097.5,4462033,1707847.875,1080698.375,4032523,2554951,1483567.125,2192508.5,11116872,5187660.5,5108293.5,8546141,13434601,5376395,10100691,17262084,2.18E+05,1.97E+05,1.98E+05,1.75E+05,C00794
leucine,527018944,307051840,679896768,360806528,383024064,285733248,338409152,375042336,166727968,108298048,110880712,147298976,131329440,176161056,151772432,117551200,3.06E+06,2.27E+06,2.30E+06,2.22E+06,C00123
norleucine,527018944,307051840,679896768,360806528,383024064,285733248,338409152,375042336,166727968,108298048,110880712,147298976,131329440,176161056,151772432,117551200,3.06E+06,2.27E+06,2.30E+06,2.22E+06,C01933
mannitol,23295406,21622014,29431866,18028440,26630326,29571946,25950142,44681876,38613260,36528540,43769308,41733992,62674600,45424712,88362792,68942976,1.74E+06,8.41E+05,1.46E+06,1.11E+06,C00392
isoleucine,340940288,193767104,447976256,222554992,217833040,171264032,201920272,222904544,89158064,60549028,59367972,79476136,83461960,110550232,95805560,77701048,1.03E+06,8.86E+05,1.02E+06,1.06E+06,C00407
galactitol,1552688,1118058.75,1626462,1018470.75,1377997.125,1076092.875,1097119.5,1427599.375,1724643.125,1325949.875,1562552.125,2010189.125,2765262,2172914,3039321.75,2875147.75,5.64E+05,7.97E+05,7.64E+05,8.98E+05,C01697
glycocholic acid,,,,,,,,,17837.16211,,,,,,,,5.18E+06,4.71E+06,4.57E+06,4.96E+06,C01921
tryptophan,67503496,60931276,80742576,45499460,36260068,36097788,40425348,42338936,12788484,10010937,9178052,13567418,11529856,14872310,12637948,9117021,2.66E+05,2.04E+05,1.78E+05,2.18E+05,C00078
methionine,121143672,63763184,149506256,82279112,94325608,65685276,82884752,83024624,36791160,25786070,25239478,33870604,31381204,44158500,35891628,29318118,3.80E+04,1.74E+04,,1.60E+04,C00073
"2',3'-cyclic AMP",22225.78516,13972.50488,26620.16602,23460.98828,22718.74219,26198.77539,15628.41895,20685.11914,50809.44141,27745.35547,18177.8457,32656.91992,15270.66992,15976.4209,12239.74023,15724.13477,,,1.86E+04,1.89E+04,C02353
xanthosine,132609.5,148628.5312,162805.7969,94799.07812,99185.50781,80252.375,59761.88281,72980.125,77795.67188,69766.41406,50591.96484,72903.63281,56411.16016,52426.86328,47498.09375,69040.35938,1.10E+05,1.15E+05,1.19E+05,1.75E+05,C01762
proline,63833400,39259628,80850576,35447864,52256452,36992892,42154420,46126456,29074248,18214698,21172158,26559314,29915370,36477364,35538276,28392872,5.66E+05,4.88E+05,4.92E+05,4.54E+05,C00148
N-acetylglycine,1323682.75,1658882.625,1405470.625,1555416.125,3300651.75,5380810.5,2879174.25,3285962.5,649329.625,572005.5625,521802.4375,513538.4375,2239881.25,3621550,3601313.75,1854094.625,1.33E+07,1.68E+07,1.81E+07,1.98E+07,
pipecolic acid,89503.91406,66178.04688,208995.75,49053.89062,53681.03906,29469.09375,31345.40039,32367.38867,53711.85156,54664.10938,36371.52734,53559.29297,98200.67969,111506.7188,100791.5078,52734.65625,1.11E+05,7.74E+04,9.50E+04,5.87E+04,
valine,427772096,271905600,478197024,235342640,261522800,184960192,221503824,232657072,116619024,68505016,73859856,94364552,108470536,141631600,131216104,111761112,9.12E+05,6.26E+05,6.00E+05,6.44E+05,C00183
3-methoxy-tyrosine,133045.0156,145174.1406,84078.67969,34274.53125,,,22395.4668,,46991.6875,15938.8916,21108.46289,28680.20117,64762.31641,71546.45312,78996.72656,35470.26953,3.64E+04,3.43E+04,4.20E+04,3.09E+04,
uric acid,2071253.75,1927514.75,2597534.75,1276594.25,230528.2812,487487.9375,379084.7812,395278.0625,31964.41992,39672.16016,11030.0752,28100.64258,194887.25,208846.9688,248981.7969,418971.8438,1.37E+04,,,,C00366
3-dehydroshikimic acid,,41724.51562,,37382.16797,,75824.50781,,,,93185.60156,72641.0625,31258.55273,186299.1562,65865.73438,114681.2812,446678.7188,3.06E+06,2.53E+06,1.79E+06,1.45E+06,C02637
glyceric acid,7125909.5,5587712.5,9175162,3534628,2533025.25,3328747.25,2564082.25,2675855.5,1384093.5,967655.75,616643.6875,552070.4375,1288202.875,1507136.125,1244802.75,1201724.5,1.07E+08,1.16E+08,1.72E+08,1.55E+08,C00258
5-oxo-proline,5197883,6974974,6826745.5,6224509.5,2974402.5,5234801.5,5173743,8109463,2680493.5,1825032.75,1768099.375,2968170.75,2817960.5,3552840.25,4555205.5,2376936.5,2.64E+06,1.98E+06,2.09E+06,1.75E+06,
tyrosine,15988153,9422536,19009402,9920773,8927178,10181136,9664236,9659470,3506793,2449262.25,2446351.5,3021509.25,3152179.5,4005829.75,3406697.75,2987702.25,2.67E+05,2.33E+05,2.07E+05,2.00E+05,C00082
N-acetyl-serine,465104.5312,439097.5312,587208.875,442497.1875,704733.3125,889497.6875,553541.5,639848.25,,228463.3281,224995.2812,40655.66406,1060288.875,1561383.625,1849717.75,697171.5,3.58E+06,3.81E+06,3.60E+06,3.54E+06,
2-amino-2-methylpropanoic acid,669702.6875,859021.5,476642.1875,344830.7812,420811.8125,387468.875,281570.375,248140.0781,122866.4453,93142.14062,120923.5703,129986.4531,142641.4375,138846.75,208659.4219,131473.4531,4.09E+04,3.10E+04,4.36E+04,4.57E+04,C03665
histidinol,718197.375,184673.2812,1112770.75,347773.5312,542940.375,204656.375,256710.9062,290918.9688,784810.875,644648.375,696638.3125,905559.375,1594507.25,820959.25,1696559.25,1623626.75,1.17E+06,1.30E+06,1.18E+06,1.10E+06,C00860
1-aminocyclopropane-1-carboxylic acid,28992232,22144252,15067156,8251983.5,12665244,7785948,8043516,7231687,116018.0859,69038.78125,76629.96875,125972.5078,1198017.875,2220858.75,905573.3125,499397.5,3.09E+05,2.21E+05,2.32E+05,2.10E+05,C01234
quinic acid,124921.2266,114272.7969,92475.41406,79755.82031,119734.8125,80607.55469,69714.11719,85444.85156,106949.2188,76546.71094,74301.73438,89559.73438,114543.1172,93710.14844,127111.9609,142743.7812,5.75E+06,3.60E+06,3.70E+06,3.08E+06,
n-alpha-acetyl-asparagine,201839.1562,179559.8594,117124.9375,137369.2031,294604.8438,186246.0938,149861.5312,165801.7812,52100.26172,,31436.93164,32693.95508,269008.7188,415274.0938,399175.4688,244896.4219,1.50E+06,1.18E+06,9.94E+05,1.35E+06,
trans-4-hydroxyproline,347132064,312269888,158420416,208266032,294259328,228595200,243064992,230743504,25335338,15069765,18673900,28408378,54284528,69484440,59133620,50109124,4.10E+07,3.52E+07,3.52E+07,3.68E+07,C01157
myo-inositol,74292984,37424408,85205464,46280880,65570976,45739772,48100160,49733988,24958180,15403043,18007964,17628396,40263308,38713616,41003948,42688256,1.86E+06,1.52E+06,2.07E+06,1.62E+06,
alanine,146897568,112658272,143740768,97435480,107738896,76235632,81569416,90333552,63816820,45064048,50844764,62308388,68570552,71597600,88893064,74499104,1.75E+06,1.25E+06,2.01E+06,1.63E+06,C00041
sucrose,335500.375,461540.25,418555.5625,260840.1094,199778.1406,285912.75,238321.625,332576.0312,1476585.375,418989.1875,247184.5625,549307.5,457041.0938,311245.625,422985.9062,417566.75,1.75E+05,2.30E+05,2.33E+05,2.25E+05,C00089
threonine,325975840,231135648,409869152,203069216,227894992,175792880,199911008,218096304,124068320,85607464,92705296,122538864,119398632,150087872,136406480,119396512,3.61E+06,3.25E+06,3.03E+06,2.94E+06,C00188
allothreonine,13219803,12381727,9945943,7680574.5,13444435,8422212,8495893,8031844,4684388,2780591.5,3264170,3442772.25,4627499,4805128.5,4354177.5,4989909,1.15E+05,9.58E+04,1.72E+05,1.34E+05,C05519
cis-4-hydroxy-proline,347132064,312269888,158420416,208266032,294259328,228595200,243064992,230743504,25335338,15069765,18673900,28408378,54284528,69484440,59133620,50109124,4.10E+07,3.52E+07,3.52E+07,3.68E+07,
4-guanidinobutanoic acid,,19966.69141,,,26878.25781,,,,54318.30469,34633.04688,30297.61133,52693.99609,96435.10156,162001.7812,168640.3906,104202.9375,,2.92E+04,2.62E+04,3.42E+04,C01035
homoserine,11309395,10125107,12437624,6926507,8225128.5,5029506.5,5680384,6199224,15315959,9520610,10406663,13647614,5221764,6201055.5,6526563,5627668.5,1.53E+07,1.41E+07,1.48E+07,1.42E+07,C00263
2-oxoadipic acid,155956.1094,115690.6562,67285.21094,97941.21875,89419.5625,74165.61719,67188.32812,60386.25,76938.53906,77626.8125,89870.74219,82209.69531,97537.17188,86867.97656,82818.67969,89398.46094,2.01E+06,1.40E+06,1.35E+06,7.30E+05,C00322
"guanosine 3',5'-cyclic monophosphoric acid",,,29816.97852,,24933.24219,22349.54492,25234.2207,24078.45508,,18112.47852,21190.63867,24498.99023,32413.42773,29516.01367,,,2.36E+04,,2.52E+04,2.41E+04,C00942
cellobiose,11845657,7817787,1037540.062,5141385.5,1596247.125,3817602,883894.9375,1142982.875,295433.625,168226.2969,202121.5,249840.8906,271021.3125,198277.2188,244364.6406,177313.3125,1.29E+05,1.47E+05,1.34E+05,2.66E+05,C06422
"cytidine 2',3'-cyclic mono-phosphoric acid",,,19320.70508,,,,,,,,,,,20440.81445,,,,,,,
maltose,2295466,1714637.625,253423.1094,1275456.5,380504.3438,912761.3125,252536.5781,307135.7188,74638.9375,53449.93359,72869.76562,67067.10938,78013.625,45854.41406,64185.21484,48383.07031,2.58E+04,4.72E+04,7.39E+04,1.03E+05,C01971
cellobiose,2295466,1714637.625,253423.1094,1275456.5,380504.3438,912761.3125,252536.5781,307135.7188,74638.9375,53449.93359,72869.76562,67067.10938,78013.625,45854.41406,64185.21484,48383.07031,4.14E+04,4.72E+04,7.39E+04,1.03E+05,C06422
glycine,9586386,8301616.5,14525143,6092362,9891152,6995561.5,9658564,10452749,5203901.5,3863693,4444990,5186443,6098248,7191811,6797465,6304512,2.73E+05,2.04E+05,2.74E+05,2.46E+05,C00037
glutamine,368680192,468221728,293516768,337707232,286619808,315637536,264356160,328559872,206328640,143390848,171505296,227836448,206170112,226090592,253056848,219256320,1.70E+07,1.50E+07,2.45E+07,1.90E+07,C00064
serine,85191848,69846216,78832064,77302640,83077896,79737792,72853984,82419080,46333868,33065434,32387092,42623236,40813920,45761144,40860204,42836340,1.90E+06,1.91E+06,2.99E+06,2.30E+06,C00065
beta-alanine,971326.375,846977.75,1051625.625,621998.9375,722863.5625,467432.0938,533975.1875,639160.625,506487.5312,390177.2188,380602.3125,481754.5,494680.6562,514044.5625,619319.6875,591807.3125,1.52E+06,1.32E+06,1.38E+06,1.49E+06,C00099
4-aminobutanoic acid,4843910.5,2918127,9222374,3166914,6299131.5,3584330.25,6612962.5,7858299,26231932,19024524,24086494,30916652,11594440,17079180,12299437,11606512,1.41E+05,1.31E+05,1.36E+05,1.81E+05,C00334
asparagine,53555596,57014968,54685228,46318028,36717876,39636968,40721992,47755732,22849032,14438478,14723045,21169936,17898334,24778046,22983558,17786742,1.31E+06,1.27E+06,1.54E+06,1.34E+06,C00152
4-aminobutanoic acid,4843910.5,2918127,9222374,3166914,6299131.5,3584330.25,6612962.5,7858299,26231932,19024524,24086494,30916652,11594440,17079180,12299437,11606512,1.41E+05,1.31E+05,1.36E+05,1.81E+05,C00334
gluconic acid,90664656,78958976,53484656,33281136,45211608,28885468,29729652,29403022,21606818,14252908,15330754,17572900,26406988,26186110,26270314,25511136,9.63E+06,4.73E+06,9.37E+06,5.29E+06,C00257
trehalose,1388687488,1662931200,1334091776,1086385792,1213845632,1044721216,1110779136,1303288064,718988480,587104768,728881728,798206720,880999360,787746304,1048942400,943694016,6.20E+07,9.90E+07,1.11E+08,1.13E+08,C01083
trehalose,325711232,373915552,317302976,246070240,270597152,248638496,263175408,301572832,167205584,133448240,157533776,179235520,201264544,183394992,235759648,217493088,8.01E+06,1.35E+07,1.64E+07,1.59E+07,C01083
S-(5'-adenosyl)-homocysteine,1042976.812,1122100.25,1060456.125,611433.3125,1743189,928866,826407.5625,1116926.5,2718480,2065750.25,1792810,2650326,1313532.875,1977929.75,1503124.625,1911146.75,1.00E+05,2.44E+04,2.46E+04,3.00E+04,
N-acetyl-aspartic acid,185531.8438,157214.8281,190531.1562,117156.375,250486.0625,217451.1094,168802.875,214195.2344,42974.33203,72038,48430.64844,60274.19922,64503.42188,89419.34375,81648.15625,53843.82422,7.86E+05,5.52E+05,6.24E+05,5.47E+05,
histidine,277710560,268682336,265504320,207336496,243719664,210850528,194790576,214227056,148835136,109696056,113289816,142703472,137760800,166278992,151170080,153083184,1.10E+06,1.09E+06,1.05E+06,1.12E+06,C00135
uridine-5-monophosphoric acid,146940.2031,154312.6875,156229.7031,90033.75781,186579.0312,130177,143652.1719,124153.6953,169658.7031,273443.5312,276774.5938,295080.3125,239715.3125,333141.0625,220803.7031,235430.0469,8.61E+05,5.96E+05,6.88E+05,6.95E+05,
citrulline,354342.8438,351812.5,862739.875,355723.2188,979312.125,541536.75,1105653.5,1260930.25,2074489.25,1665764.625,1415546.5,2218364.5,4418549,4200908.5,5452925,4679561,1.51E+05,1.17E+05,8.22E+04,6.76E+04,C00327
N-alpha-acetyl-lysine,610381,1085053.75,635134.75,408140.5,4061106.5,1774476.5,2212647.75,1438087.125,227640.7031,166782.2812,134903.5781,160892.1875,2230103.5,3415945.5,2539825.5,2241243.5,1.27E+06,1.51E+06,4.59E+05,1.30E+06,
5-aminolevulinic acid,701747.5625,515586.4688,749224.5625,662444.6875,853949.25,558830,784088.9375,714423.0625,345609.25,307665.4688,329892.625,321738.3125,424826.6562,543532.25,589388,386711.3438,6.46E+05,8.04E+05,6.47E+05,8.07E+05,C00430
glycerol 2-phosphoric acid,8009375,7397293,5586743,5424477,8649785,6153662,4579610,5776539.5,2131431.25,1242029.5,826545.375,1743332.625,4611941,4069499.5,4163700,4118773,2.45E+05,1.48E+05,2.80E+05,1.77E+05,
N-acetyl-glutamic acid,2341738.5,1373943,3205618.25,1377837,8846393,4704391,5073894.5,4895322.5,712090.5,402516.5625,519804.8438,540376.25,4680753.5,6014905,5345186.5,4036337.75,3.17E+07,1.53E+07,1.92E+07,1.23E+07,C00624
glucuronic acid,4177338.5,4489396,1749008.875,2822652.25,4396606.5,3945739.25,2691804.5,3416755.75,2376393,2423632.25,2525401.5,1934776.25,4283476,4013798.25,3732366.25,3455035,6.69E+06,3.45E+06,3.18E+06,2.46E+06,C00191
adenosine 5'-monophosphoric acid,4569833.5,3666046,2874229,4113135,8919168,4527951.5,5462947.5,4741385.5,9990325,7063262.5,6169650.5,10485323,4235588.5,9458173,5830583,4871653.5,,,,,C00020
raffinose,8377901,8365602.5,970230.9375,3030444.25,1664640.875,2794383.5,645131.5,903471.25,68670.41406,62752.29297,72526.49219,74778.45312,69737.89844,75717.72656,83034.63281,91480.6875,5.94E+05,5.69E+05,6.76E+05,6.19E+05,C00492
sn-glycerol 3-phosphoric acid,2109981.75,1494872.625,653805.0625,1162665.75,2224879,1053253.5,848064.5,1017158.5,761612.875,423192.4688,175415.2656,523395.5938,905978.6875,953162.5,957175.625,681124.75,4.33E+04,9.33E+04,4.87E+04,7.27E+04,
alpha-aminoadipic acid,21548396,17508840,28883252,14826102,31864872,24611332,21573176,22432472,40079352,35175576,39415304,40023660,43617676,42912112,37690168,45026488,5.96E+05,6.33E+05,5.21E+05,6.42E+05,
glutamic acid,1844995712,1779056256,1588174080,1362271872,1577386752,1360244736,1289595136,1373518208,637820736,435572896,554584256,681887360,952504192,1052811712,1080291456,945963456,1.69E+07,1.49E+07,1.82E+07,1.82E+07,C00025
ophthalmic acid,101241104,101285736,78190608,46574188,56835892,40816640,45604800,42340236,23140240,12845523,12700062,19199718,30420784,33426782,35266568,25166850,3.77E+06,2.22E+06,2.00E+06,2.22E+06,
3'-CMP,36498.19141,26787.68945,53678.16406,39503.60156,213026,45191.99609,111776.9531,68263.01562,167313.9844,258734.3594,281059.0625,386968.625,157730.3281,402743.4688,212232.4375,205763.3125,8.17E+04,9.12E+04,1.38E+05,9.55E+04,C05822
glutathione,430781888,313068064,353194144,171081904,292926816,168682624,148846608,150145328,100369992,54340852,67745088,102390040,85473024,116804136,74986000,88198984,3.37E+04,2.53E+05,1.84E+05,2.22E+05,C00051
fructose 6-phosphoric acid,59401332,24996930,37137820,30269332,58671492,29309116,30025070,34874780,24414810,9795544,6759167,13066835,13693710,24594404,13759822,9700636,3.59E+05,2.84E+05,4.03E+05,2.53E+05,
aspartic acid,153991600,133230608,212084736,112002816,138949008,121132064,135180864,147375184,185765936,170335936,169633792,192786928,143062048,156671424,130738616,145940672,2.09E+06,1.86E+06,3.13E+06,2.77E+06,C00049
alpha-glucose 1-phosphoric acid,20096032,10906583,17143014,11201636,13978618,9205632,10357073,13504165,5082842.5,1875530.625,1424775,2974776.5,2814457.5,6302936,3387973.75,2138984.75,1.30E+05,1.04E+05,1.25E+05,9.90E+04,
guanosine 5'-monophosphoric acid,470449,243055.3281,314696.2812,431106.9062,978616,524834,659995.3125,675323.75,1287005.625,1107845.625,855746.5625,1405074,536099,1079503.75,690260.25,622782.6875,9.19E+04,6.57E+04,7.33E+04,7.45E+04,C00144
uridine 5'-diphospho-N-acetylglucosamine,66918976,38013796,35644824,21372210,53743720,22405370,19065318,23559708,4108233.25,2620790.75,3126924.75,3884006,10691249,24039974,14248859,7822883.5,6.76E+05,6.74E+05,5.48E+05,5.88E+05,C00043
uridine 5'-diphospho-N-acetylgalactosamine,66918976,38013796,35644824,21372210,53743720,22405370,19065318,23559708,4108233.25,2620790.75,3126924.75,3884006,10691249,24039974,14248859,7822883.5,6.76E+05,6.74E+05,5.48E+05,5.88E+05,C00203
fumaric acid,50736136,36047700,66657788,38454760,45156492,27092452,41207416,43559440,23519038,16199189,16769053,25412922,39284892,43541252,42942888,40199064,1.06E+06,1.23E+06,1.69E+06,2.02E+06,C00122
alpha-galactose 1-phosphoric acid,52311484,24694060,45238288,32334442,51715116,33790844,34543584,40728904,13316415,5315740,5077431,9527929,12166420,20144274,12020498,8469816,1.35E+05,1.18E+05,1.90E+05,1.06E+05,
uridine 5'-diphosphogalactose,9248311,6907201.5,10320360,5271534,6857921,5059510,4460259.5,4955893.5,1724845,1315594.625,1166950,1788839.875,4186318.25,6172644,3939423.25,3432293,7.10E+06,4.90E+06,5.91E+06,3.32E+06,C00052
glucose 6-phosphoric acid,52311484,24694060,45238288,32334442,51715116,33790844,34543584,40728904,13316415,5315740,5077431,9527929,12166420,20144274,12020498,8469816,1.35E+05,1.18E+05,1.90E+05,1.06E+05,
cystathionine,9729280,6033480.5,3620944.75,6089902.5,5059837,4553353.5,2370199.25,3004501,3333111.5,2297741.5,2686122.5,3086572.5,2028696.625,2565561.25,1786150.125,2058018.125,,2.08E+04,3.31E+04,,C00542
mannose 6-phosphoric acid,4929495,2457766.5,5035936.5,3324689.5,4634108,3451900.5,3881192,4582986.5,1227033.625,658591.375,655329.1875,1103951.875,1321951.75,1965958,1224376.875,1008812.5,2.60E+04,2.46E+04,2.53E+04,3.34E+04,
carnosine,17640980,10530028,17574728,10504492,9969570,7775333.5,8021874.5,7128868,2734408.5,1357754.25,1510481.875,1749391.75,2787211.75,3465462.5,2658750.5,1974348.25,4.06E+04,3.41E+04,,2.96E+04,C00386
arginine,108417968,105915648,104832408,81515072,95208920,71622592,78734376,79968712,50966732,29383582,42909700,44302840,49141976,47675428,49002364,48250796,4.41E+05,3.82E+05,4.49E+05,4.09E+05,C00062
tartaric acid,15625552,8909907,3256472.25,8979912,6279391.5,10346925,8872007,3633593.25,15438904,6723367,6805019,7375350.5,4718795,7270205.5,5884802.5,5479592.5,1.02E+09,8.00E+08,8.60E+08,8.97E+08,C00898
isocitric acid,117794984,117865688,125000280,120379080,121451640,105853456,117275688,121227528,113776936,117799552,119842528,122536608,109932944,122844392,120488088,111135096,4.77E+07,5.71E+07,5.24E+07,6.91E+07,C00311
lysine,66373700,59324344,66249512,44458324,47119192,35027252,37910260,34547492,33800760,23466526,27335976,33435948,26912160,28461252,29884474,29948604,2.84E+05,2.86E+05,3.08E+05,3.21E+05,C00047
ornithine,9037616,12529364,12941183,7456745.5,15646492,8408733,11460493,11901162,24021146,15651632,21915098,29688542,25919348,24616234,25977734,33208400,1.16E+05,1.75E+05,1.52E+05,1.85E+05,C00077
malic acid,15825255,12958883,20335584,15496730,17271132,11702107,14499734,16830528,11449074,10895106,11881695,14007715,14015857,16791266,15300942,14473254,1.83E+08,7.50E+07,7.30E+07,9.43E+07,C00711
2-phosphoglyceric acid,13953703,9287092,12197240,9686118,9142145,6417039,6130422.5,6152132,6805301.5,7247679,4003655.25,7039753,6792356,8452525,6005408.5,6325590.5,9.97E+04,9.72E+04,1.12E+05,6.06E+04,
indole-3-acetaldehyde,10324231,6948365.5,3996323.25,4240538.5,18961274,15175786,14017361,17244794,8381827,1371480.625,4206681,3570901.5,5140279,5777566,8293793,6227453,6.03E+09,6.83E+09,6.76E+09,7.01E+09,C00637
nicotinamide,153485760,160521888,186947600,133973120,69938472,80010632,96064080,130810832,53349036,45565384,49942700,69826280,37268196,47649504,52928792,30969778,2.53E+07,1.15E+07,1.03E+07,1.10E+07,C00153
thymine,48884.15625,49357.07812,84678.94531,54520.29297,58338.19922,77701.51562,88044.86719,70879.53906,139609.5781,54237.09766,58604.12109,54827.01562,,,81654.32031,41216.88281,8.21E+06,3.87E+06,2.58E+06,3.15E+06,C00178
ferulic acid,,,,51053.67578,47497.60156,,,,303965.625,,,,,,,,,,,1.79E+05,C01494
purine,,,,,,,,,,,,,,,,,,,,,C15587
5'-methylthioadenosine,247068416,185455376,306227040,183205568,279038048,191790000,187810352,197206816,362106624,287566656,286270752,352339072,343303360,340450528,387236096,382487744,7.43E+06,9.73E+06,1.28E+07,1.27E+07,C00170
3-hydroxyanthranilic acid,47715.39453,46083.22266,77536.125,135623.125,60066.02344,30738.43359,38245.22266,47838.5,115379.4062,86944.80469,106599.3516,124285.4766,56285.77734,85978.58594,64060.00391,32048.43945,4.06E+06,2.68E+06,2.87E+06,2.65E+06,C00632
3-hydroxyanthranilic acid,117800.4531,52331.31641,156170.5938,80012.3125,142114.5156,93453.21094,63428.86328,121345.1328,72854.72656,,65011.25781,110270.9375,94052.39062,150049.7188,94500.14844,52696.84375,1.08E+06,6.70E+05,9.70E+05,6.80E+05,C00632
acetylcholine,2197252.5,2973769,3443819.25,1533252.875,3761930.75,1375030.75,2835605,2403346,3669948.25,1526268.75,2837706,3255380,2424099.25,2454309,2220258,1824865.125,1.88E+08,1.43E+08,1.23E+08,1.44E+08,C01996
dethiobiotin,342982.6562,273158.1562,255236.5781,180252.0625,505467.5,332253.3125,559937.75,630786.4375,260975.7031,172123.0312,195981.8438,235592.5625,1318337.875,856012.125,1013223.375,1208290.75,3.49E+07,2.50E+07,2.25E+07,2.73E+07,
glucuronolactone,,45507.11328,,43268.70312,,,,,,,,,63881.54297,,73432.15625,72787.01562,1.16E+06,6.94E+05,5.05E+05,5.83E+05,C02670
cholic acid,,,,,,,,,50254.8125,,,,,,,,1.29E+06,1.03E+06,5.33E+05,8.16E+05,C00695
pyridoxine,1676932.125,1134175.5,1314862.25,1949616,575255.625,382371.0312,268081.75,282306.4375,3508843.25,1256793.875,1295041.375,1580252.75,1278573.625,769120.875,1020370.062,1565934.875,1.66E+07,1.87E+07,1.67E+07,1.71E+07,C00314
2'-deoxyadenosine,29136300,8694389,96853792,18040578,37385292,37686024,34565140,59191036,4828872.5,1005917.562,1275596.375,1722170.125,1554282.5,3666480.5,2732709.75,1866259.875,7.21E+06,5.74E+06,6.59E+06,5.71E+06,C00559
adenine,9568282,3072888.5,30664032,6195725.5,12928582,12711164,12419348,19938450,1953675.125,608902.875,568461.8125,794802.5625,788254.25,1620984.875,1195112.5,862304.6875,3.74E+05,2.88E+05,4.67E+05,5.21E+05,C00147
xanthine,12615985,7159242.5,12686514,8386693,9441868,5562288,5202158.5,7163205,11557785,7585754,5011250,9060293,2752243,5501911.5,4068761.75,3388347.25,,,4.78E+04,5.93E+04,C00385
uridine,7233438.5,2108081.25,5507380,4872526,7988715.5,3603083.25,4295697,4321004,8662685,5445205.5,5153567,8481340,2149781.75,4007178.5,3129488.5,2925051,7.32E+05,4.94E+05,6.72E+05,7.05E+05,C00299
4-acetamidobutanoic acid,231288.1562,349944.875,454286.4375,205671.5781,388440.4062,283497.875,545685.5625,727477.25,961167.5625,806253.8125,887947.0625,1134969.5,672064.1875,891724,577824.375,829383.5625,2.29E+07,3.21E+07,3.44E+07,4.52E+07,C02946
3-amino-4-hydroxybenzoic acid,54799.57422,31980.6582,42110.80859,43863.28906,35187.07812,39853.76953,36186.17578,41292.01953,62869.125,46648.75781,40998.79688,64089.46875,49030.98047,43059.75391,60667.87109,69023.21094,1.37E+06,1.28E+06,1.14E+06,1.09E+06,C12115
adenosine,629265344,550792896,788356544,478954528,655046080,741921280,444680128,700997568,896079040,223674656,441783008,354504864,195752992,310488384,286332128,334736544,1.73E+08,1.61E+08,1.86E+08,2.40E+08,C00212
hypoxanthine,828195776,703259456,722290048,646699712,637496064,417840480,495532224,488936800,373269248,394576736,317141824,505217408,312710336,422466912,380712928,368343968,3.08E+07,1.99E+07,1.50E+07,1.74E+07,C00262
N-acetyl-leucine,324317.5,533588.8125,189649.9531,326989.3438,243856.5469,239264.1406,204001.8594,247593.9062,241503.8281,197995.6094,215876.7031,226144.3594,241671.1719,201729.3438,221538.0625,161302.3594,4.52E+05,6.32E+05,6.03E+05,9.11E+05,C02710
biotin,92066.28906,53339.89453,54613.58594,52039.10156,,36882.625,48376.34375,67796.21875,104480,,56831.16016,64728.05859,,36653.72266,,,7.60E+04,5.66E+04,,,C00120
pterin,57569.46484,41003.01953,,,44268.23828,33838.66406,39098.57422,26856.46289,65219.50391,249647.8125,141472.2812,127328.0391,207760.5781,196489.3906,295947.6562,252464.6719,5.27E+05,1.07E+06,8.19E+05,1.08E+06,C00715
creatinine,14721726,8241990.5,8367713.5,9923723,17100568,10676647,9556584,10985178,5385050.5,2273627.5,2420006.5,3481220.25,9387921,15052609,14297626,9817349,4.04E+07,1.38E+07,1.09E+07,1.04E+07,C00791
sphinganine,206379968,158139536,193984944,128624576,136863472,88058400,95997408,114035000,236366736,217536944,203406512,203226240,141338000,141072368,158523664,207080496,1.78E+06,9.46E+05,5.37E+05,5.95E+05,C00836
choline o-sulfuric acid,494928.4062,417489.0312,577655.1875,301328.5312,387577.375,337144.6562,316045.75,548033.6875,526641.5,155332.5781,170992.375,191809.0781,269233.2812,280783.0312,255981.2188,316658.9062,1.38E+07,1.09E+07,8.37E+06,9.53E+06,
phenethylamine,1284287,1815276.5,2213383.25,3070456.25,1168034.125,1301717.5,2524980.5,2900126.5,952013.4375,1474598.875,1572977.75,2462466.75,1042945.875,1908666.375,2117312.75,1005989.562,3.50E+06,3.34E+06,3.23E+06,4.36E+06,C05332
5-methylcytosine,151339.8281,56386.04297,70000.02344,111115.0469,140387.8281,62243.51172,57925.96484,68723.61719,111629.1797,48026.47266,82625.03125,59971.52734,52628.65234,73127.69531,59560.69531,103914.4766,3.66E+05,1.69E+05,1.31E+05,1.17E+05,C02376
riboflavin,47882076,32341616,45483564,22670586,21554402,17544378,14360756,16779092,5382929.5,2257885.75,2744815,3914994,3947103.25,6252866.5,5392600.5,3237561.75,1.36E+08,1.03E+08,8.56E+07,9.95E+07,C00255
cytosine,154263.4219,93459.97656,,75072.5,98484.92188,106602.2656,65488.76562,,201797.9219,99943.42188,56863.30469,53892.20312,,40379.35156,,77183.51562,3.61E+05,1.51E+05,1.22E+05,1.78E+05,C00380
4-quinolinecarboxylic acid,194048.9219,109728.3828,201171.5625,109584.0391,187170.6719,95665.21094,173279.125,174271.7344,208553.1719,130265.5312,174703.7969,190634.5625,147731.75,193939.3438,159127.3594,126288.6562,8.22E+06,4.56E+06,3.50E+06,4.34E+06,C06414
inosine,7503796.5,8391358,11767745,7414420,4628492.5,8124538,2787861.5,5392541.5,2258190.75,740095,775924.125,1274640.5,296244.6562,749652.875,707756.0625,438034.8125,1.16E+05,,7.88E+04,,C00294
inosine,30693230,29870106,34519372,26429282,24142754,28505006,14113973,22052614,14094011,7217469,7709821.5,9762072,4180257,7322640.5,7242716,5268104,2.92E+05,2.99E+05,3.16E+05,3.52E+05,C00294
tryptamine,60966.75781,53012.82812,,40413.73047,,60930.12109,,50547.01562,33836.0625,,,,,,,,1.15E+05,5.35E+04,4.32E+04,3.78E+04,C00398
deoxycytidine,139541.5469,56921.74219,303800.9062,169499.625,138940.0938,128237.0156,181068.3438,228118.9375,,,102217.6172,,,,30610.57812,,2.48E+05,2.21E+05,2.66E+05,3.39E+05,C00881
nicotinic acid,2786591.75,3480388.25,2130419.75,1963696.5,3083738.25,2151349.25,2362457.75,2782867.25,3704631.5,2358868.75,2653312.75,3291519.25,1023746.688,1750093,1166225.25,1276198.875,8.55E+05,3.69E+05,3.51E+05,3.60E+05,C00253
isonicotinic acid,2786591.75,3480388.25,2130419.75,1963696.5,3083738.25,2151349.25,2362457.75,2782867.25,3704631.5,2358868.75,2653312.75,3291519.25,1023746.688,1750093,1166225.25,1276198.875,8.55E+05,3.69E+05,3.51E+05,3.60E+05,C07446
guanine,22853902,8710160,18470796,11938898,26803720,11066731,11583337,11609735,48648156,12783486,8412795,10634810,16015545,20118006,14861180,19891380,3.84E+05,2.02E+05,1.66E+05,1.57E+05,C00242
N-acetyl-galactosamine,20206602,14168975,14160724,11259431,26297246,13270254,12575151,13597879,17667994,9024886,13262206,15797071,15884823,22638324,20204682,15358361,1.09E+07,4.22E+06,5.92E+06,4.68E+06,C01132
N-acetyl-galactosamine,4694995,3000155.75,3088237.5,2341699.5,6056729.5,2910764.5,2776496,2811409,3888671.25,1768332.125,3024965.25,3425827.75,3731486.75,5318677,4515285.5,3627294.5,2.19E+06,7.68E+05,8.55E+05,8.41E+05,C01132
n-acetyl-tryptophan,252770.125,319268.3125,101444.375,95720.90625,333062,149048.2031,105795.7344,126847.7656,32441.54688,,34350.07031,37803.5,57550.89844,64569.19531,45710.73828,60633.15234,3.04E+06,8.85E+05,6.62E+05,8.28E+05,
1-methylnicotinamide,93199.08594,79080.5,80952.92969,69230.41406,106824.1016,106967.7656,65744.04688,74775.47656,83353.23438,83816.10156,67781.90625,81408,80004.17188,103869.2578,89496.125,77629.60156,4.32E+05,3.06E+05,3.52E+05,3.17E+05,C02918
2'-deoxyguanosine,1447976.5,696159.9375,6042488,843905.8125,1377947.25,1577184.25,1463793.875,2382634.5,365117.8125,268914.7188,208748.7812,270551.0312,242361.9062,513011.25,307512.8438,315107.2812,3.04E+05,2.33E+05,2.33E+05,2.40E+05,C00330
pantothenic acid,20150828,15862366,10244945,10674586,14531043,11613304,8485178,10334898,4031000.5,1709183.625,2511058.5,2213965.5,8364078.5,10518451,9307798,8578130,1.06E+08,6.80E+07,4.25E+07,4.32E+07,C00864
N-acetyl-glucosamine,20206602,14168975,14160724,11259431,26297246,13270254,12575151,13597879,17667994,9024886,13262206,15797071,15884823,22638324,20204682,15358361,1.09E+07,4.22E+06,5.92E+06,4.68E+06,C03878
cytidine,128948.0781,80902.26562,134891.4219,80159.17969,4487087,499231.4375,960781.9375,648058.0625,483771.3438,108874.3047,449183.3438,170119.1875,957283,1057900.125,480057.5625,2017717.25,3.17E+05,1.52E+05,3.33E+05,2.17E+05,C00475
cytidine,4249393.5,3282568,4127269,3163365,26801434,8549576,10706232,9443231,8235092,3471462.5,7288387.5,4811318,10309879,11994414,8012632.5,15952781,4.47E+06,2.86E+06,4.06E+06,3.05E+06,C00475
N-acetyl-glucosamine,4694995,3000155.75,3088237.5,2341699.5,6056729.5,2910764.5,2776496,2811409,3888671.25,1768332.125,3024965.25,3425827.75,3731486.75,5318677,4515285.5,3627294.5,2.19E+06,7.68E+05,8.55E+05,8.41E+05,C03878
tyramine,273845,267195.8438,246322.2656,218346.7031,262347.7188,147595.7656,186834.75,192854.5469,344084.375,236136.25,170378.2656,183841.0156,132447.5781,170095.1094,171653.4531,201156.0469,4.59E+05,3.36E+05,2.44E+05,2.49E+05,C00483
N-acetyl-mannosamine,5639250,3787254.5,4258986.5,4885690,5243424.5,3932667.75,3753607.5,4572908,3675640.75,2257387.25,2840723.5,3495185.75,3515148.75,5000410,4781382.5,3325936.75,3.07E+06,2.08E+06,2.45E+06,2.32E+06,C02711
N-acetyl-mannosamine,1156677,763852.875,1041386.25,929501.8125,1211543.875,851671.75,789434.125,970152.75,1093648.75,669476.5625,733216.9375,794606.1875,797727,1139095,955608.6875,901670.4375,7.54E+05,4.14E+05,5.73E+05,5.52E+05,C02711
N-acetyl-mannosamine,2750423.25,1676452.375,1882873.875,1712296.5,3100855.5,1958781.125,1509950.875,1706727.875,2008883.875,1122948.625,1339434.5,1324233,1522907,2173252.25,1503370.625,2097185.25,5.59E+05,3.57E+05,3.20E+05,2.62E+05,C02711
betaine,3922709504,3230375936,3537760256,3069300992,3442187008,2461895424,2547259648,2797736960,2538879232,1986719232,2177155840,2456357376,1767834752,2133437056,2088566912,1967295872,3.74E+09,3.02E+09,2.84E+09,3.19E+09,C00719
4-hydroxy-2-quinolinecarboxylic acid,132884.1562,91875.72656,105258.5156,57982.95312,91561.50781,77824.35938,64547.41797,61968.08594,243276.9219,75618.61719,76340.99219,68669.79688,111615.1406,117506.4141,127935.7188,140860.125,9.13E+07,1.09E+08,1.21E+08,1.23E+08,C01717
guanosine,37098932,15734220,32193672,22463000,23586630,18317574,19075612,23498404,12699540,4814236,4243018.5,7780547.5,9069985,15381718,13210011,9688662,1.43E+06,1.41E+06,2.41E+06,2.26E+06,C00387
trigonelline,780793.375,797589.75,720175.6875,492588.0312,429208.875,320209.6875,331262.5938,425993.4375,603693.5,202657.5,231193.0625,269942.6562,309332.4062,306871.5938,323017.625,284844.375,6.20E+07,5.40E+07,5.08E+07,5.50E+07,C01004
phenylalanine,1015861568,597595840,1135400192,685117120,786007168,588395712,643880192,651191616,336066880,220665456,230408128,268260720,283422304,344726336,281129248,247325952,1.01E+07,7.89E+06,6.29E+06,6.48E+06,C00079
bis(3-aminopropyl)amine,43592832,45039436,32476852,34955692,54726656,41719080,35841196,34330012,48473440,44788384,42969084,41109328,48791544,43722168,43474232,50546712,4.74E+07,3.96E+07,3.24E+07,3.55E+07,C03375
xanthurenic acid,124620.5781,,,,111359.2812,,61716.48828,,108531,,96179.84375,,53306.94531,,,101165.0391,6.52E+06,3.61E+05,2.18E+05,1.87E+05,C02470
leucine,759551296,488492608,896350784,523669632,600865792,446078432,507997888,519721056,282982624,203597296,206269552,251807744,232843296,295137792,256335648,231827904,9.18E+06,5.81E+06,5.46E+06,5.55E+06,C00123
norleucine,759551296,488492608,896350784,523669632,600865792,446078432,507997888,519721056,282982624,203597296,206269552,251807744,232843296,295137792,256335648,231827904,9.18E+06,5.81E+06,5.46E+06,5.55E+06,C01933
kynurenine,2993541.25,2637201.75,3454734.75,1469442.875,2277142,1612546.5,1969864.5,1958425.25,3382867.5,2916793.75,2338500,3097225.25,3101448.5,6443802.5,5570675,6642339.5,1.16E+05,9.77E+04,1.00E+05,8.52E+04,C01718
isoleucine,507049184,317160192,577680832,327799872,370261376,268378944,319939456,330270880,164673440,109914400,115091760,138188080,155863792,204635696,167329520,143615856,2.91E+06,2.09E+06,2.28E+06,2.46E+06,C00407
glycocholic acid,,,,,,,,,,,,,,,,,1.20E+06,1.26E+06,1.22E+06,1.56E+06,C01921
glycocholic acid,,,,,,,,,,,,,,,,,2.72E+06,2.71E+06,2.47E+06,3.18E+06,C01921
pyridoxamine,4005910.5,2272383,7404220.5,1456527.375,906487.1875,823263.6875,1070427.25,1454324.125,885496.0625,677736.8125,658295.125,865056.1875,463271.3125,412443.6562,513766.9688,481007.5,1.30E+06,6.00E+05,9.90E+05,1.86E+06,C00534
tryptophan,81378472,102592560,136043664,93056904,41838928,70876368,82218520,90717840,16486711,20369806,16727606,25494624,19346264,25443342,26642370,11105658,4.42E+05,4.36E+05,3.48E+05,5.00E+05,C00078
N-acetylputrescine,97988.625,104594.4922,93257.9375,92495.14062,109815.6016,96024.65625,84172.41406,92693.17969,177591.5469,133673.6094,144035.8125,167486.4219,183448.9844,159115.75,188782.9688,208610.125,4.00E+06,2.72E+06,2.47E+06,2.70E+06,C02714
methionine,115402880,61993928,156384528,83736280,91247384,67223720,84655080,85565656,36704336,28097876,26552384,34573872,31288374,45629084,35634316,27898770,6.20E+04,2.46E+04,1.29E+04,1.36E+04,C00073
"2',3'-cyclic AMP",21220.4668,10208.66797,20262.64062,17112.49219,15938.68945,19405.89844,17986.63672,24926.27734,40948.25781,21232.09375,15292.96289,25753.60156,16914.32422,11276.23926,9265.842773,10825.56641,2.71E+04,2.47E+04,2.62E+04,2.40E+04,C02353
norvaline,196998240,133362824,199594464,120589136,127738672,92150168,109100200,110799944,58537808,36827888,38998272,51764852,56657740,71206960,64324972,59980220,2.16E+06,2.84E+06,3.98E+06,4.34E+06,C01826
proline,255124576,170551744,292354752,145340464,208903504,150330288,168695648,180839312,116789776,75336896,86552136,105893544,120963368,137008960,136585536,121661776,3.65E+06,2.49E+06,2.97E+06,3.05E+06,C00148
pipecolic acid,870503.0625,600043.8125,2151952.75,395490.0625,384958.1875,257987.75,275247.75,312773.5,551019.3125,303980.8438,323290.8125,473241.6875,1121503.375,1262409.75,1050923.875,690535.3125,1.52E+06,8.34E+05,9.41E+05,8.42E+05,
valine,196998240,133362824,199594464,120589136,127738672,92150168,109100200,110799944,58537808,36827888,38998272,51764852,56657740,71206960,64324972,59980220,2.16E+06,2.84E+06,3.98E+06,4.34E+06,C00183
glyceric acid,2871948.25,2344439.25,4283073,1516806.625,1146105.75,1125284.125,1012752,1164810.125,844235.375,398896.0938,325815.5938,520120.2812,667813.5625,1076365.875,850310.6875,586689,1.59E+07,1.96E+07,1.98E+07,2.19E+07,C00258
5-oxo-proline,2242386.75,2789924.25,2604246,2310508.25,1558953,2183750.25,1608071.25,2616989.5,938049.625,844955.0625,938683.875,1222482.75,1228965.75,1526412.625,1932447.625,1001580.75,7.19E+05,7.74E+05,7.98E+05,8.66E+05,
"3',5'-cyclic AMP",,,,44695.86328,37909.95703,39836.89844,,35949.18359,,64717.51172,36736.16406,46146.44141,41098.77344,33620.87891,,,,4.07E+04,3.36E+04,3.66E+04,C00575
tyrosine,7308496.5,4532328,9078848,5328920,4394509,5762353.5,4925417,4939233.5,1810156.75,1431811.25,1109977.375,1796162.75,1700378.25,1705282.125,1659993,1332548.5,2.94E+05,2.16E+05,1.81E+05,2.34E+05,C00082
N-acetyl-serine,398500.9375,327575,258150.25,174457.2969,310302.9375,426668.9375,453780.125,326876.125,55760.62891,64692.23438,157641.0625,106947.9531,574474.25,1022405.25,745467.375,298821.0312,1.50E+06,1.75E+06,1.64E+06,1.64E+06,
3-ureidopropionic acid,591379.625,839856.0625,369943.625,512238.1562,828507.125,546458,522136.2188,578873.6875,136405.2812,93053.375,102926.0938,167248.1406,1260260.375,1735900.875,1758908.75,1166246.375,4.41E+04,4.32E+04,4.72E+04,5.23E+04,C02642
histamine,758319.1875,757402.25,1355375.125,588006.9375,244415.0938,171783.3906,206217.5312,270096.75,1629206.5,1342687.25,2013473,1706466.625,306440.5625,364767.3125,455576.5312,675096.375,1.09E+05,9.29E+04,5.66E+04,7.78E+04,C00388
ectoine,62048.05859,37323.22656,57098.82812,57532.0625,46217.98438,28494.04883,47884.97656,31902.14062,81821.69531,40033.03906,58394.90234,45856.10547,59752.03125,40584.10547,32839.875,30778.17188,8.90E+05,8.77E+05,8.05E+05,8.43E+05,C06231
histidinol,1592533.375,484176.8438,2521266,1083760.25,1355375.125,485229.75,713211.6875,714385.375,1864658.875,1392704.5,1609200.25,2077380.5,3424427.25,1883190.5,3411048.25,3649923.75,1.07E+07,8.95E+06,8.40E+06,7.41E+06,C00860
n-alpha-acetyl-asparagine,15936.66113,26249.58984,30392.26172,24356.24805,51597,36704.91797,36477.8125,33145.15234,,,,,62000.29297,79875.875,84198,22449.02539,2.76E+05,2.98E+05,2.04E+05,2.50E+05,
n-alpha-acetyl-asparagine,34838.19141,39031.13672,26714.67578,33416.39062,28961.57422,29026.41406,25996.21094,37185.23047,,,,,19320.98633,23302.24609,29146.41797,22315.64648,8.78E+04,7.98E+04,9.32E+04,7.25E+04,
trans-4-hydroxyproline,258568960,221127152,125530552,167702432,233307984,178025648,190836544,185879472,18068584,10842092,14899438,21171766,43098660,56763884,47836920,37985600,6.29E+06,5.05E+06,8.07E+06,7.38E+06,C01157
carnitine,33359450,28276118,24898516,12848088,8963170,5933668.5,5903945.5,5749997,1381149,808574.8125,889767.0625,1189902.5,1262700.375,1338865.75,1226234.125,1093617.625,4.80E+06,2.18E+06,2.25E+06,2.09E+06,C00487
3-methyl-histidine,13966958,20930458,13800269,7427848,11566281,8806415,10070094,9982647,1508297.25,1050927.375,1315240,1837128,1822689.75,2081096.375,2050157.625,1656377,1.47E+07,2.03E+07,2.04E+07,1.01E+07,
deoxycarnitine,3126204.25,2876131.25,4411515.5,931129.75,1556465.625,1183909.5,1055868.375,973017.9375,795451.375,347649.0938,455483.7188,451925.1875,388070.75,366688.4688,287795.4688,395539.6875,1.87E+05,1.34E+05,1.52E+05,1.17E+05,
sucrose,226895.7969,261203.7969,180166,209339.4062,104889.375,116842.3672,146235.6562,159422.0156,487088.4062,207498.875,171653.8594,295144.2188,274860.9375,135549.3594,178089.7656,159553.0625,3.49E+05,3.01E+05,4.22E+05,3.26E+05,C00089
threonine,59141064,42056784,78479840,35633044,43183812,32002446,36829612,41208840,22012042,15150225,16208173,21523736,20880658,25347666,22061426,18239156,1.63E+06,1.52E+06,2.55E+06,1.26E+06,C00188
4-imidazoleacetic acid,70810.03906,53773.66016,42234.91797,49451.58984,33367.27344,33098.47656,21300.03906,19603.69531,30981.33203,36226.55469,42537.34766,47887.91016,34043.51172,39233.5,27744.12109,28061.04492,2.87E+06,8.10E+05,8.67E+05,6.08E+05,C02835
creatine,31656.36523,24993.41992,28672.53711,19294.61914,,19539.23047,,,26654.68555,17267.8457,,,,,,,1.14E+06,7.28E+05,8.18E+05,6.81E+05,C00300
S-hexyl-glutathione,,,,,,,,,,,,,,,,,2.79E+04,3.53E+04,2.62E+04,2.43E+04,C02886
palatinose,15398788,10656565,1453050.875,6964667,615376.875,1019319.625,864069.5,517549.5,237908.9844,115659.0703,177469.9531,129211.2109,327778.7188,147594.9844,110906.4453,92583.57031,5.90E+05,6.97E+05,8.42E+05,6.93E+05,C01742
homoserine,1330113.5,1112226.125,1468618.625,864182.375,807409,613030.25,730751.8125,784538.375,1621396.375,976644.9375,1304471.875,1776948,655876.75,652375.375,739677.75,504443.625,3.03E+06,2.48E+06,2.98E+06,2.62E+06,C00263
4-guanidinobutanoic acid,405124,592105.5,723787.6875,389142.3125,532514.25,319366.625,505226.2188,575967.5,1385694.375,721915.9375,837061.125,1258190.875,2421760,3895265,5526960,2033962.875,7.91E+05,8.32E+05,9.92E+05,1.25E+06,C01035
"guanosine 3',5'-cyclic monophosphoric acid",,,,,,,,,,,,,,,,,,,,,C00942
guanidinoacetic acid,36084.40625,30941.21289,29769.56445,24217.67773,22922.19922,15275.98242,13658.99219,18299,28643.46094,,,,18484.83008,14057.45703,16034.2207,20573.47266,1.42E+06,1.01E+06,1.14E+06,9.68E+05,C00581
cellobiose,37005968,25494658,3939468.75,21176942,5619475.5,11988883,4072479.5,5281220.5,1387440.375,867872.5625,1329657.25,1294240.375,1642783.625,924995.1875,967255.6875,661887,7.03E+06,1.39E+07,1.76E+07,1.68E+07,C06422
maltose,37005968,25494658,3939468.75,21176942,5619475.5,11988883,4072479.5,5281220.5,1387440.375,867872.5625,1329657.25,1294240.375,1642783.625,924995.1875,967255.6875,661887,7.03E+06,1.39E+07,1.76E+07,1.68E+07,C01971
"cytidine 2',3'-cyclic mono-phosphoric acid",,,25243.14062,,,,,27378.69336,39311.12109,,,,,,,,,,,,
lactose,12373497,7605753.5,1128561.375,4295653.5,280474.5,548568.1875,173751.0938,169752.8281,164571.0156,74425.32812,131562.6094,125943.1797,145007.6562,80700.25781,68729.59375,66244.10156,2.88E+05,4.78E+05,5.44E+05,2.72E+05,C01970
glutamine,392053888,406788288,290111264,198324320,237994928,189885632,160636560,198519264,83789040,43971632,58960520,82355272,99971704,106006384,117176896,95690688,5.09E+06,3.71E+06,6.28E+06,4.34E+06,C00064
serine,53923940,36518832,75906056,36965440,52950648,40333928,45804844,48600988,13173094,9633084,9262064,13043143,13591079,16796592,13660663,14249391,4.43E+05,3.82E+05,6.00E+05,4.66E+05,C00065
asparagine,33797328,29475900,35584524,21194126,21933260,18170212,19211512,20944096,9590459,5245517,5852244,7467336,7618054,11279867,10042433,7268639,5.21E+05,4.06E+05,5.67E+05,4.78E+05,C00152
5-aminopentanoic acid,1092949,985405.875,1316305,854577.375,913870.9375,700343.625,855876.9375,918585.9375,1667763.5,1305358.125,1628831,1868550.75,1254921.125,1368838.375,1191678.5,1272748.25,8.43E+05,8.57E+05,9.26E+05,8.58E+05,C00431
trehalose,118438088,193148560,151829328,93919264,90002000,107382608,113714936,112622648,40051640,34821480,36021492,49504980,62443912,54797220,72551000,56132096,5.49E+06,6.71E+06,1.01E+07,7.65E+06,C01083
mannosamine,598896.875,717461.0625,739911.625,623436.8125,509949.375,439108.5625,627633.125,884286.5625,251095.2031,174066.9844,153814.4688,208058.6562,287502.375,192580.4375,217832.9219,161425.5938,2.44E+06,1.52E+06,1.61E+06,1.05E+06,C03570
mannosamine,3351729,4057501.75,2864146.25,2909246,2030657.625,1764183.5,2465520.25,3045816.75,1209194.625,993181.0625,1140974,1287792.75,1280907.25,822851.6875,868748.5,749415.5,4.45E+06,3.47E+06,4.20E+06,2.49E+06,C03570
melibiose,728660.875,644948.25,664325.4375,301252.2188,418750.9375,391757.375,407437.9688,416510.0312,137301.875,118708.2734,117343.2578,139242.7031,230144.4062,212127.2656,210294.1094,163639.9375,6.83E+05,4.56E+05,5.08E+05,4.83E+05,C05402
histidine,132240856,137374560,134108464,66874640,83208984,63109412,62600512,64384732,26351422,13711040,16176803,28331416,25971784,36156732,31211838,26546024,4.67E+05,2.97E+05,3.91E+05,2.58E+05,C00135
N-acetylneuraminic acid,,,,,,,,,,,,,,,,,,,,,C00270
sn-glycero-3-phosphocholine,974178112,1040697152,931591936,649291520,836248704,684529472,731960832,724304128,520968928,344227136,465383488,552757184,531725280,492414464,590562432,564622208,3.69E+07,2.56E+07,2.87E+07,3.00E+07,D07349
uridine-5-monophosphoric acid,112119.5,109234.7812,134498.7188,93862.96094,143269.9844,116825.2266,124771.2656,99525.00781,108357.2734,234889.75,210786.2656,270923,151942.0312,280410.4375,195848.8125,204697.1719,4.51E+05,3.92E+05,4.79E+05,4.21E+05,
glucosamine,598896.875,717461.0625,739911.625,623436.8125,509949.375,439108.5625,627633.125,884286.5625,251095.2031,174066.9844,153814.4688,208058.6562,287502.375,192580.4375,217832.9219,161425.5938,2.44E+06,1.52E+06,1.61E+06,1.05E+06,C00329
glucosamine,3351729,4057501.75,2864146.25,2909246,2030657.625,1764183.5,2465520.25,3045816.75,1209194.625,993181.0625,1140974,1287792.75,1280907.25,822851.6875,868748.5,749415.5,4.45E+06,3.47E+06,4.20E+06,2.49E+06,C00329
citrulline,182516.6406,146122.0469,387521.2188,188853.6719,444021.5312,166078.4531,400723.625,451434.3438,739735.0625,501033.7188,520973.1875,728380.0625,1390296.625,1222250.875,1796708.125,1352559.625,1.14E+05,1.29E+05,9.88E+04,1.01E+05,C00327
N-alpha-acetyl-lysine,299671.75,482118.25,242344.6406,158302.2188,1213730.375,677114.75,668425.9375,512681.7188,48955.57031,44901.28125,58581.1875,54703.60938,617897.8125,969421.9375,789283.125,516707.25,3.31E+06,4.07E+06,8.39E+06,6.84E+06,
N-acetyl-glutamic acid,237729.8438,141705.6094,427469.875,221244.5,553988.25,539245.875,620038.1875,543637.5625,84920.26562,80742.25781,98967.1875,118167.5078,495631.0938,668299.75,629219.6875,338170.5,7.87E+05,7.64E+05,8.74E+05,7.33E+05,C00624
N-acetyl-glutamic acid,209337.2188,209611.7188,571982.875,271710.3438,689770.1875,611225.5,962288.375,876693.9375,107755.0547,77510.80469,94195.21094,142597.1719,717536.9375,1173121,1061225.375,451870.2812,1.84E+06,1.71E+06,2.01E+06,1.35E+06,C00624
galactosamine,3351729,4057501.75,2864146.25,2909246,2030657.625,1764183.5,2465520.25,3045816.75,1209194.625,993181.0625,1140974,1287792.75,1280907.25,822851.6875,868748.5,749415.5,4.45E+06,3.47E+06,4.20E+06,2.49E+06,C02262
galactosamine,598896.875,717461.0625,739911.625,623436.8125,509949.375,439108.5625,627633.125,884286.5625,251095.2031,174066.9844,153814.4688,208058.6562,287502.375,192580.4375,217832.9219,161425.5938,2.44E+06,1.52E+06,1.61E+06,1.05E+06,C02262
N-methyl-aspartic acid,387606.2812,87497.48438,187511.4219,108216.5,104419.2891,93032.71094,108530.8047,89774.57031,64809.26172,61286.6875,61016.13672,81994.89844,93762.44531,115331.9453,94488.34375,46596.87109,1.29E+06,7.34E+05,6.64E+05,4.86E+05,C12269
adenosine 5'-monophosphoric acid,8016214.5,5455120.5,5008224,7333014,14452451,7989918,9699105,8747569,15710360,12861655,11613560,19428976,7496118.5,15869383,10900118,8416138,9.44E+04,1.14E+05,6.96E+04,7.66E+04,C00020
S-carboxymethyl-cysteine,107380.4922,98605.19531,103138.6484,86894.60156,96117.78906,91880.29688,80288.30469,83113.375,97663.61719,85533.67188,98862.89062,80228.23438,88951.19531,86028.48438,85640.90625,96871.89062,1.23E+05,1.03E+05,1.11E+05,1.14E+05,
raffinose,18021778,10116507,1041365.438,9083995,4003110.75,9923394,1885775.875,2308114.5,103469.6328,76033.625,90465.99219,97528.64844,201898.1719,267578,251364.5312,161211.2969,4.05E+06,6.21E+06,6.97E+06,8.37E+06,C00492
alpha-aminoadipic acid,51983200,43814800,63103436,31939404,64868616,47224072,44183840,47750708,47583792,33089028,36221144,49927672,59584160,73447752,66327496,51273236,5.29E+06,4.84E+06,4.15E+06,3.72E+06,
glutamic acid,1186708864,1083717632,966505856,807647040,947742336,776259584,767213248,852806528,333054560,216388688,257931264,358807840,536089280,624848512,626891648,496848480,4.78E+07,3.83E+07,4.81E+07,3.68E+07,C00025
ophthalmic acid,118620344,107800000,90304176,51699752,54714136,35222976,40873928,41614572,16420999,8297356.5,9154033,15965228,20479378,27775206,26862300,15713359,3.06E+07,1.36E+07,1.41E+07,1.06E+07,
glutathione,308010752,201377968,251603664,112434024,167580112,103516392,83999608,85354272,50405280,26434474,32892476,55231696,40948264,63697432,36673476,36440676,1.77E+05,1.04E+06,8.21E+05,7.46E+05,C00051
3'-CMP,43836.62109,46608.62109,63174.34766,32365.44922,208957.125,62003.72266,110061.4766,72840.44531,154663.8906,276547.3125,318943.5625,410008.7188,159789.7188,468758.1875,266450.7188,231300.4531,3.93E+04,,2.38E+04,2.89E+04,C05822
nicotinamide mononucleotide,8332915,5151514,3383889.25,4876902,11109344,4348830,6261123.5,3899952,4840587,3360536.75,3764044,6579894.5,4224637,8714608,5480907,3797002.25,8.40E+04,4.61E+04,2.91E+04,3.15E+04,C00455
aspartic acid,28459624,21447922,40888376,18383316,22127032,18066302,21634058,24282938,31479750,26623526,26505960,33348264,20376880,24738590,18525114,20693820,1.09E+06,8.81E+05,1.48E+06,8.50E+05,C00049
fructose 6-phosphoric acid,6565602.5,3271394.25,6241707.5,4080325,5790476,3667323.25,4421666.5,5396771,1711652.75,779934.5,724509.5,1495710.625,1422942.25,2490995.75,1496394,907998.25,1.13E+05,7.85E+04,1.39E+05,8.20E+04,
guanosine 5'-monophosphoric acid,563486.1875,366718.4062,440802.2188,536144.375,1202901.5,747690.0625,765736.0625,719284.5625,1815287.25,1364515.625,1288641,1880641.25,614389.25,1400375.25,748021.125,779293.6875,1.21E+05,7.94E+04,9.63E+04,9.19E+04,C00144
NAD+,3297326.25,3189677,3552659.5,2229484.5,3254877.75,1567916.125,1887697.5,1739846.625,1111027.375,867909.0625,628501.6875,1037474.375,1524744.5,2210690.25,1406358.75,1303111.5,2.32E+05,3.30E+05,4.00E+05,3.58E+05,
uridine 5'-diphospho-N-acetylglucosamine,5581883.5,5773802,5008578,3764407.75,5403050,3913520,3601712.25,3865716,1474106.375,1180086.5,1230917.25,1615316.375,3450334,4175940.5,3809941.75,2869167.5,1.24E+05,1.39E+05,1.36E+05,1.32E+05,C00043
uridine 5'-diphosphogalactose,1119530.875,1013529.688,1253137.25,841924.6875,977487.6875,735974.8125,792562.4375,1018720.938,369292.1875,291585.0312,328789.6562,380545.2188,767881.875,1092992.125,776728.875,619337.3125,4.83E+05,5.27E+05,5.67E+05,4.70E+05,C00052
glucose 6-phosphoric acid,10775173,5291015.5,9838984,7293516,8715072,6670191.5,7814159,9237423,3004436.75,1712585.375,1532096.125,2752962,2918921.75,4285643,3039197,2131047.5,3.64E+04,4.45E+04,6.50E+04,4.05E+04,
N-trimethyllysine,1434651136,1359636096,1583202560,1268827136,1294505728,1060032512,1210037888,1207630976,704902848,486625568,589852608,734805248,759869184,873397056,867004160,733054528,4.37E+07,3.37E+07,3.12E+07,3.89E+07,
cystathionine,2003721.5,1593028.875,874024.0625,1631826.875,925707.9375,1328074.25,698644.1875,1005708.125,747578.5,739332.5,1118001.25,1125784.75,565468.25,755510.75,632567.5,627759.125,2.26E+04,,4.01E+04,,C00542
cytidine 5'-diphosphocholine,1445760.875,1728572.5,2380880.25,1202687.25,1373917.75,791410.625,1311695.25,1051566.625,1054891.375,708223.8125,810444.5625,1245177.875,1928023.875,3312342,2531012.75,1683646.375,7.48E+05,6.92E+05,6.56E+05,6.47E+05,C00307
arginine,761106944,606564672,721606336,494070720,759637888,547424000,519419776,497462688,432107904,279719616,354529440,312331104,357636096,367852544,344315072,383222528,2.54E+07,2.35E+07,2.55E+07,2.36E+07,C00062
tartaric acid,156305.0312,203018.5156,75076.35938,171425,84257.42969,248381.3438,217735.4531,76711.27344,328207.25,235263.4844,243976.6094,178250.4688,135888.6094,157815.5625,130637.0938,186139.625,4.22E+06,4.62E+06,4.18E+06,5.57E+06,C00898
S-(5'-adenosyl)-methionine,6172387.5,3751032,5783382,3038649.25,7994537,3489536,3612744,2883457.25,7979757.5,4735303.5,6208822.5,7668427.5,10220657,9030827,7248989.5,11415904,3.70E+04,6.60E+04,7.40E+04,7.17E+04,
uridine 5'-diphosphoric acid,7894669.5,6746154.5,8870895,4823868,6338508.5,4952921.5,4914781,5985497,2022227.125,1511369,1526192,1919484.875,4890530,6146720,4494327.5,3982062,4.29E+06,3.72E+06,3.90E+06,2.57E+06,C00015
lysine,169660096,138930032,172569264,105227736,134431680,90107928,92068144,91014744,82950248,53817760,65434748,78027144,81148952,91194376,88637744,89482896,1.35E+06,1.28E+06,1.34E+06,1.58E+06,C00047
adenosine 5'-diphosphoric acid,191158,154497.4219,123116.25,124131.5,169394.2969,155343.5156,141087.4531,144160.6875,183579.9531,162233.0312,121282.2891,104705.4766,146193.6875,126806.5312,116943.5391,179169.4219,4.74E+05,4.33E+05,3.96E+05,1.95E+05,C00008
ornithine,24294152,29016310,31701274,18698146,33303380,19886836,26260598,27917972,52521988,34433764,45889404,64163032,59731040,58199060,62185092,73299776,4.52E+05,6.32E+05,6.45E+05,7.91E+05,C00077
5-hydroxylysine,76461.375,98633.40625,44453.67969,84841.17969,32672.38672,41418.98047,39476.81641,60896.92969,33537.82422,36167.32812,41245.53516,37226.26562,69441.05469,64913.24609,57265.46875,73335.13281,,,,1.88E+04,C16741
"adenosine 3',5'-diphosphoric acid",191158,154497.4219,123116.25,124131.5,169394.2969,155343.5156,141087.4531,144160.6875,183579.9531,162233.0312,121282.2891,104705.4766,146193.6875,126806.5312,116943.5391,179169.4219,4.74E+05,4.33E+05,3.96E+05,1.95E+05,
agmatine sulfuric acid,241975.3438,344189.75,353354.125,182504.2031,138824.0156,88346.49219,102671.3672,124568.7812,2875656.5,1213432.375,1936392,1761622.375,282185.8438,153009.9531,297263,324720,1.58E+06,7.74E+05,8.19E+05,8.23E+05,
6-phosphogluconic acid,469801.1875,108455.0312,217030.5781,241945.125,81428.22656,89239.35156,67979.75781,136460.625,190831.375,126704.2656,196984.6875,165095.7031,,,,26369.27148,,,,,C00345